#VRML V2.0 utf8
# 3D model generated by kicad-lcsc-manager
# Based on easyeda2kicad.py v1.0.1

Shape{
    appearance Appearance {
        material  Material {
            diffuseColor 0.8509803921568627 0.8509803921568627 0.8509803921568627
            specularColor 0.6823529411764706 0.6823529411764706 0.6823529411764706
            ambientIntensity 0.851
            transparency 0.0
            shininess 0.5
        }
    }
    geometry IndexedFaceSet {
        ccw TRUE
        solid FALSE
        coord DEF co Coordinate {
            point [
                -1.1278 -0.2598 0.2856, -1.1185 -0.2598 0.3005, -0.3429 -0.2598 0.3701, 1.6749 -0.2598 0.2731, 1.6846 -0.2598 0.2665, 1.3089 -0.2598 0.0819, -1.1403 -0.2598 0.2731, -1.15 -0.2598 -0.0197, -1.15 -0.2598 0.2665, -0.7695 -0.2598 0.0937, -0.7744 -0.2598 0.0819, -0.776 -0.2598 0.0693, -0.776 -0.2598 -0.0197, 1.2744 -0.2598 0.1164, 1.2618 -0.2598 0.1181, 0.8775 -0.2598 0.3701, 1.261 -0.2598 0.1181, 1.2484 -0.2598 0.1164, 1.2366 -0.2598 0.1116, 1.2265 -0.2598 0.1038, 1.3106 -0.2598 0.0693, 1.6846 -0.2598 -0.0197, 1.3106 -0.2598 -0.0197, 1.2963 -0.2598 0.1038, 1.6472 -0.2598 0.3171, 1.3041 -0.2598 0.0937, 1.653 -0.2598 0.3005, 1.6624 -0.2598 0.2856, 1.2862 -0.2598 0.1116, 1.6452 -0.2598 1.2992, 1.6452 -0.2598 0.3346, -1.1126 -0.2598 0.3171, -1.1107 -0.2598 0.3346, -0.3429 -0.2598 1.0, -1.1107 -0.2598 1.2992, -1.1087 -0.2598 1.3145, -1.1028 -0.2598 1.3287, -1.0934 -0.2598 1.341, -1.0811 -0.2598 1.3504, -1.0669 -0.2598 1.3563, -1.0516 -0.2598 1.3583, 0.8775 -0.2598 1.0, -0.6919 -0.2598 0.1038, -0.702 -0.2598 0.1116, 1.6394 -0.2598 1.3248, 1.6438 -0.2598 1.3124, 1.2187 -0.2598 0.0937, -0.6793 -0.2598 0.0819, -0.6841 -0.2598 0.0937, 1.5862 -0.2598 1.3583, 1.5993 -0.2598 1.3568, 1.6118 -0.2598 1.3524, -0.7138 -0.2598 0.1164, -0.7264 -0.2598 0.1181, -0.7272 -0.2598 0.1181, -0.7398 -0.2598 0.1164, -0.7516 -0.2598 0.1116, -0.7617 -0.2598 0.1038, 1.623 -0.2598 1.3454, 1.6324 -0.2598 1.336, 1.2122 -0.2598 0.0693, 1.2122 -0.2598 -0.0197, -0.6776 -0.2598 -0.0197, 1.2138 -0.2598 0.0819, -0.6776 -0.2598 0.0693, 1.3106 -0.3385 0.0693, 1.3106 -0.3385 -0.0197, 1.7043 -0.3385 -0.0197, 0.8775 -0.3385 1.0, 1.5862 -0.3385 1.3583, -0.3429 -0.3385 1.0, -1.0516 -0.3385 1.3583, -0.3429 -0.3385 0.3701, -0.6776 -0.3385 -0.0197, 0.8775 -0.3385 0.3701, 1.2122 -0.3385 -0.0197, -0.5595 -0.3385 0.4134, -0.5615 -0.3385 0.3981, 1.4046 -0.3385 0.3563, 1.2187 -0.3385 0.0937, 1.2265 -0.3385 0.1038, -0.5674 -0.3385 0.3839, -0.5768 -0.3385 0.3716, -0.589 -0.3385 0.3622, 1.2122 -0.3385 0.0693, 1.2138 -0.3385 0.0819, 1.1531 -0.3385 0.3543, 1.3893 -0.3385 0.3543, 1.1378 -0.3385 0.3563, 1.102 -0.3385 0.9547, 1.1114 -0.3385 0.967, 1.2366 -0.3385 0.1116, 1.4311 -0.3385 0.3716, 1.4189 -0.3385 0.3622, 1.6898 -0.3385 0.2637, 1.6749 -0.3385 0.2731, 1.3089 -0.3385 0.0819, 1.6624 -0.3385 0.2856, 1.3041 -0.3385 0.0937, 1.653 -0.3385 0.3005, 1.2963 -0.3385 0.1038, 1.0961 -0.3385 0.9405, 1.6394 -0.3385 1.3248, 1.6324 -0.3385 1.336, 1.4189 -0.3385 0.9763, 1.7043 -0.3385 0.2584, -0.7744 -0.3385 0.0819, -1.1278 -0.3385 0.2856, -1.1403 -0.3385 0.2731, -1.1185 -0.3385 0.3005, -0.7695 -0.3385 0.0937, -1.1126 -0.3385 0.3171, -0.7617 -0.3385 0.1038, -1.1107 -0.3385 0.3346, -0.6185 -0.3385 0.3543, -0.6841 -0.3385 0.0937, -0.6793 -0.3385 0.0819, 1.6452 -0.3385 1.2992, 1.4311 -0.3385 0.967, 1.4405 -0.3385 0.9547, 1.2484 -0.3385 0.1164, 1.261 -0.3385 0.1181, 1.2618 -0.3385 0.1181, 1.2744 -0.3385 0.1164, 1.2862 -0.3385 0.1116, 1.4405 -0.3385 0.3839, -1.1552 -0.3385 0.2637, -1.1697 -0.3385 0.2584, -0.776 -0.3385 0.0693, -1.1697 -0.3385 -0.0197, -0.776 -0.3385 -0.0197, -0.6033 -0.3385 0.3563, -0.6776 -0.3385 0.0693, 1.1236 -0.3385 0.3622, 1.1114 -0.3385 0.3716, 1.102 -0.3385 0.3839, -0.5768 -0.3385 0.967, -0.5674 -0.3385 0.9547, -0.5615 -0.3385 0.9405, -0.5595 -0.3385 0.9252, -0.87 -0.3385 0.3563, -0.8843 -0.3385 0.3622, -0.8965 -0.3385 0.3716, -0.9059 -0.3385 0.3839, -0.87 -0.3385 0.9822, -0.8548 -0.3385 0.9843, 1.6438 -0.3385 1.3124, -1.0934 -0.3385 1.341, -0.8843 -0.3385 0.9763, -1.0811 -0.3385 1.3504, -1.0669 -0.3385 1.3563, -0.6185 -0.3385 0.9843, -0.6033 -0.3385 0.9822, -0.589 -0.3385 0.9763, 1.1236 -0.3385 0.9763, 1.1378 -0.3385 0.9822, 1.1531 -0.3385 0.9843, 1.4464 -0.3385 0.9405, 1.4484 -0.3385 0.9252, 1.6452 -0.3385 0.3346, -0.7516 -0.3385 0.1116, -0.8548 -0.3385 0.3543, -0.7138 -0.3385 0.1164, -0.702 -0.3385 0.1116, -0.6919 -0.3385 0.1038, -0.9118 -0.3385 0.3981, -0.9138 -0.3385 0.4134, -1.1107 -0.3385 1.2992, -0.9138 -0.3385 0.9252, -0.9118 -0.3385 0.9405, -0.9059 -0.3385 0.9547, -0.8965 -0.3385 0.967, -1.1087 -0.3385 1.3145, -1.1028 -0.3385 1.3287, 1.0961 -0.3385 0.3981, 1.0941 -0.3385 0.4134, 1.0941 -0.3385 0.9252, 1.3893 -0.3385 0.9843, 1.4046 -0.3385 0.9822, 1.5993 -0.3385 1.3568, 1.4484 -0.3385 0.4134, 1.4464 -0.3385 0.3981, 1.6472 -0.3385 0.3171, 1.623 -0.3385 1.3454, 1.6118 -0.3385 1.3524, -0.7398 -0.3385 0.1164, -0.7272 -0.3385 0.1181, -0.7264 -0.3385 0.1181, -1.1696 -0.2544 0.2585, -1.1719 -0.2532 0.2579, -1.1719 -0.3384 0.258, -1.1779 -0.2483 0.2568, -1.1894 -0.3366 0.2559, -1.1806 -0.3379 0.2564, -1.1813 -0.2444 0.2563, -1.1841 -0.2401 0.2561, -1.1864 -0.2355 0.256, -1.1881 -0.2306 0.2559, -1.1891 -0.2256 0.2559, -1.1894 -0.2204 0.2559, -1.1552 -0.2595 0.2637, -1.1602 -0.2585 0.2615, -1.1651 -0.2568 0.2598, -1.1952 -0.3352 0.2559, -1.2189 -0.3254 0.2559, -1.1894 -0.0236 0.2559, -1.2681 -0.0236 0.2559, -1.2681 -0.2401 0.2559, -1.2648 -0.2656 0.2559, -1.255 -0.2893 0.2559, -1.2393 -0.3097 0.2559, -1.2681 -0.2401 -0.0197, -1.2681 -0.0236 -0.0197, -1.1894 -0.0236 -0.0197, -1.1894 -0.2204 -0.0197, -1.1881 -0.2306 -0.0197, -1.2648 -0.2656 -0.0197, -1.1841 -0.2401 -0.0197, -1.1602 -0.2585 -0.0197, -1.1952 -0.3352 -0.0197, -1.1697 -0.2545 -0.0197, -1.2189 -0.3254 -0.0197, -1.1779 -0.2483 -0.0197, -1.2393 -0.3097 -0.0197, -1.255 -0.2893 -0.0197, 1.724 -0.0236 -0.0197, 1.8027 -0.0236 -0.0197, 1.724 -0.2204 -0.0197, 1.8027 -0.2401 -0.0197, 1.7226 -0.2306 -0.0197, 1.7994 -0.2656 -0.0197, 1.7187 -0.2401 -0.0197, 1.7895 -0.2893 -0.0197, 1.7125 -0.2483 -0.0197, 1.7739 -0.3097 -0.0197, 1.7043 -0.2545 -0.0197, 1.6948 -0.2585 -0.0197, 1.7298 -0.3352 -0.0197, 1.7535 -0.3254 -0.0197, 1.8027 -0.2401 0.2559, 1.8027 -0.0236 0.2559, 1.724 -0.2204 0.2559, 1.724 -0.3366 0.2559, 1.7298 -0.3352 0.2559, 1.7535 -0.3254 0.2559, 1.7739 -0.3097 0.2559, 1.7895 -0.2893 0.2559, 1.724 -0.0236 0.2559, 1.7994 -0.2656 0.2559, 1.6898 -0.2595 0.2637, 1.6948 -0.2585 0.2615, 1.7065 -0.3385 0.2579, 1.6996 -0.2568 0.2598, 1.7236 -0.2256 0.2559, 1.7226 -0.2306 0.2559, 1.721 -0.2355 0.256, 1.7187 -0.2401 0.2561, 1.7158 -0.2444 0.2563, 1.7125 -0.2483 0.2568, 1.7152 -0.3379 0.2564, 1.7065 -0.2532 0.2579, 1.7043 -0.2545 0.2584
            ]
        }
        coordIndex [
            0,1,2,-1,3,4,5,-1,0,2,6,-1,6,2,7,-1,6,7,8,-1,9,10,7,-1,7,10,11,-1,7,11,12,-1,13,14,15,-1,15,14,16,-1,16,17,15,-1,15,17,18,-1,15,18,19,-1,5,4,20,-1,20,4,21,-1,20,21,22,-1,23,24,25,-1,25,24,26,-1,25,26,5,-1,5,26,27,-1,5,27,3,-1,28,29,23,-1,23,29,30,-1,23,30,24,-1,1,31,2,-1,2,31,32,-1,2,32,33,-1,33,32,34,-1,33,34,35,-1,35,36,33,-1,33,36,37,-1,33,37,38,-1,38,39,33,-1,33,39,40,-1,33,40,41,-1,2,42,43,-1,44,45,41,-1,41,45,29,-1,41,29,15,-1,15,29,28,-1,15,28,13,-1,19,46,15,-1,15,46,47,-1,15,47,2,-1,2,47,48,-1,2,48,42,-1,40,49,41,-1,41,49,50,-1,41,50,51,-1,43,52,2,-1,2,52,53,-1,2,53,54,-1,54,55,2,-1,2,55,56,-1,2,56,7,-1,7,56,57,-1,7,57,9,-1,51,58,41,-1,41,58,59,-1,41,59,44,-1,60,61,62,-1,46,63,47,-1,47,63,60,-1,47,60,64,-1,64,60,62,-1,65,66,67,-1,68,69,70,-1,70,69,71,-1,72,73,74,-1,74,73,75,-1,76,77,72,-1,78,79,80,-1,77,81,72,-1,72,81,82,-1,72,82,73,-1,73,82,83,-1,84,85,86,-1,86,85,79,-1,86,79,87,-1,87,79,78,-1,88,74,86,-1,86,74,75,-1,86,75,84,-1,89,90,68,-1,91,92,80,-1,80,92,93,-1,80,93,78,-1,94,95,96,-1,96,95,97,-1,96,97,98,-1,98,97,99,-1,98,99,100,-1,89,68,101,-1,102,103,104,-1,65,67,96,-1,96,67,105,-1,96,105,94,-1,106,107,108,-1,107,106,109,-1,109,106,110,-1,109,110,111,-1,111,110,112,-1,111,112,113,-1,114,115,116,-1,117,118,119,-1,91,120,92,-1,92,120,121,-1,92,121,122,-1,122,123,92,-1,92,123,124,-1,92,124,125,-1,108,126,106,-1,106,126,127,-1,106,127,128,-1,128,127,129,-1,128,129,130,-1,83,131,73,-1,73,131,114,-1,73,114,132,-1,132,114,116,-1,88,133,74,-1,74,133,134,-1,74,134,135,-1,136,137,70,-1,70,137,138,-1,70,138,72,-1,72,138,139,-1,72,139,76,-1,140,141,113,-1,113,141,142,-1,113,142,143,-1,71,144,145,-1,118,117,104,-1,104,117,146,-1,104,146,102,-1,147,148,149,-1,149,148,144,-1,149,144,150,-1,150,144,71,-1,145,151,71,-1,71,151,152,-1,71,152,70,-1,70,152,153,-1,70,153,136,-1,90,154,68,-1,68,154,155,-1,68,155,69,-1,69,155,156,-1,119,157,117,-1,117,157,158,-1,117,158,159,-1,113,112,140,-1,140,112,160,-1,140,160,161,-1,162,163,114,-1,114,163,164,-1,114,164,115,-1,143,165,113,-1,113,165,166,-1,113,166,167,-1,167,166,168,-1,167,168,169,-1,169,170,167,-1,167,170,171,-1,167,171,172,-1,172,171,148,-1,172,148,173,-1,173,148,147,-1,135,174,74,-1,74,174,175,-1,74,175,68,-1,68,175,176,-1,68,176,101,-1,156,177,69,-1,69,177,178,-1,69,178,179,-1,179,178,104,-1,158,180,159,-1,159,180,181,-1,159,181,182,-1,182,181,125,-1,182,125,99,-1,99,125,124,-1,99,124,100,-1,103,183,104,-1,104,183,184,-1,104,184,179,-1,160,185,161,-1,161,185,186,-1,161,186,114,-1,114,186,187,-1,114,187,162,-1,71,40,39,-1,71,39,150,-1,150,39,38,-1,150,38,149,-1,149,38,37,-1,149,37,147,-1,147,37,36,-1,147,36,173,-1,173,36,35,-1,173,35,172,-1,172,35,34,-1,172,34,167,-1,113,167,32,-1,32,167,34,-1,188,189,190,-1,191,192,189,-1,189,192,193,-1,189,193,190,-1,191,194,192,-1,192,194,195,-1,192,195,196,-1,196,197,192,-1,192,197,198,-1,192,198,199,-1,126,200,127,-1,127,200,201,-1,127,201,190,-1,190,201,202,-1,190,202,188,-1,113,32,111,-1,111,32,31,-1,111,31,109,-1,109,31,1,-1,109,1,107,-1,107,1,0,-1,107,0,108,-1,108,0,6,-1,108,6,126,-1,126,6,8,-1,126,8,200,-1,203,192,199,-1,203,199,204,-1,205,206,199,-1,199,206,207,-1,199,207,208,-1,208,209,199,-1,199,209,210,-1,199,210,204,-1,207,206,211,-1,211,206,212,-1,211,212,213,-1,213,214,211,-1,211,214,215,-1,211,215,216,-1,216,215,217,-1,12,130,7,-1,7,130,129,-1,7,129,218,-1,218,129,219,-1,218,219,220,-1,220,219,221,-1,220,221,222,-1,222,221,223,-1,222,223,217,-1,217,223,224,-1,217,224,216,-1,128,130,11,-1,11,130,12,-1,128,11,106,-1,106,11,10,-1,106,10,110,-1,110,10,9,-1,110,9,112,-1,112,9,57,-1,112,57,160,-1,160,57,56,-1,160,56,185,-1,185,56,55,-1,185,55,186,-1,186,55,54,-1,187,186,53,-1,53,186,54,-1,187,53,162,-1,162,53,52,-1,162,52,163,-1,163,52,43,-1,163,43,164,-1,164,43,42,-1,164,42,115,-1,115,42,48,-1,115,48,116,-1,116,48,47,-1,116,47,132,-1,132,47,64,-1,73,132,62,-1,62,132,64,-1,75,73,61,-1,61,73,62,-1,84,75,60,-1,60,75,61,-1,84,60,85,-1,85,60,63,-1,85,63,79,-1,79,63,46,-1,79,46,80,-1,80,46,19,-1,80,19,91,-1,91,19,18,-1,91,18,120,-1,120,18,17,-1,120,17,121,-1,121,17,16,-1,122,121,14,-1,14,121,16,-1,122,14,123,-1,123,14,13,-1,123,13,124,-1,124,13,28,-1,124,28,100,-1,100,28,23,-1,100,23,98,-1,98,23,25,-1,98,25,96,-1,96,25,5,-1,96,5,65,-1,65,5,20,-1,66,65,22,-1,22,65,20,-1,67,66,22,-1,225,226,227,-1,227,226,228,-1,227,228,229,-1,229,228,230,-1,229,230,231,-1,231,230,232,-1,231,232,233,-1,233,232,234,-1,233,234,235,-1,22,21,67,-1,67,21,236,-1,67,236,237,-1,237,236,235,-1,237,235,238,-1,238,235,234,-1,228,226,239,-1,239,226,240,-1,241,242,243,-1,243,244,241,-1,241,244,245,-1,241,245,246,-1,240,247,239,-1,239,247,241,-1,239,241,248,-1,248,241,246,-1,30,159,24,-1,24,159,182,-1,24,182,26,-1,26,182,99,-1,26,99,27,-1,27,99,97,-1,27,97,3,-1,3,97,95,-1,3,95,4,-1,4,95,94,-1,4,94,249,-1,249,94,105,-1,249,105,250,-1,250,105,251,-1,250,251,252,-1,242,241,253,-1,253,254,242,-1,242,254,255,-1,242,255,256,-1,256,257,242,-1,242,257,258,-1,242,258,259,-1,259,258,260,-1,259,260,251,-1,251,260,261,-1,251,261,252,-1,117,159,29,-1,29,159,30,-1,117,29,45,-1,117,45,146,-1,146,45,44,-1,146,44,102,-1,102,44,59,-1,102,59,103,-1,103,59,58,-1,103,58,183,-1,183,58,51,-1,183,51,184,-1,184,51,50,-1,184,50,179,-1,179,50,49,-1,179,49,69,-1,71,69,40,-1,40,69,49,-1,74,68,15,-1,15,68,41,-1,68,70,41,-1,41,70,33,-1,70,72,33,-1,33,72,2,-1,72,74,2,-1,2,74,15,-1,
        ]
    }
}
Shape{
    appearance Appearance {
        material  Material {
            diffuseColor 0.8431372549019608 0.8156862745098039 0.7529411764705882
            specularColor 0.25098039215686274 0.24313725490196078 0.22745098039215686
            ambientIntensity 0.8167
            transparency 0.0
            shininess 0.5
        }
    }
    geometry IndexedFaceSet {
        ccw TRUE
        solid FALSE
        coord DEF co Coordinate {
            point [
                1.0941 -0.3779 0.4134, 1.0941 -0.3385 0.4134, 1.0961 -0.3385 0.3981, 1.0961 -0.3779 0.3981, 1.102 -0.3385 0.3839, 1.102 -0.3779 0.3839, 1.1114 -0.3385 0.3716, 1.1114 -0.3779 0.3716, 1.1236 -0.3385 0.3622, 1.1236 -0.3779 0.3622, 1.1378 -0.3385 0.3563, 1.1378 -0.3779 0.3563, 1.1531 -0.3385 0.3543, 1.1531 -0.3779 0.3543, 1.3893 -0.3779 0.3543, 1.3893 -0.3385 0.3543, 1.4046 -0.3385 0.3563, 1.4046 -0.3779 0.3563, 1.4189 -0.3385 0.3622, 1.4189 -0.3779 0.3622, 1.4311 -0.3385 0.3716, 1.4311 -0.3779 0.3716, 1.4405 -0.3385 0.3839, 1.4405 -0.3779 0.3839, 1.4464 -0.3385 0.3981, 1.4464 -0.3779 0.3981, 1.4484 -0.3385 0.4134, 1.4484 -0.3779 0.4134, 1.4484 -0.3779 0.9252, 1.4484 -0.3385 0.9252, 1.4464 -0.3385 0.9405, 1.4464 -0.3779 0.9405, 1.4405 -0.3385 0.9547, 1.4405 -0.3779 0.9547, 1.4311 -0.3385 0.967, 1.4311 -0.3779 0.967, 1.4189 -0.3385 0.9763, 1.4189 -0.3779 0.9763, 1.4046 -0.3385 0.9822, 1.4046 -0.3779 0.9822, 1.3893 -0.3385 0.9843, 1.3893 -0.3779 0.9843, 1.1531 -0.3779 0.9843, 1.1531 -0.3385 0.9843, 1.1378 -0.3385 0.9822, 1.1378 -0.3779 0.9822, 1.1236 -0.3385 0.9763, 1.1236 -0.3779 0.9763, 1.1114 -0.3385 0.967, 1.1114 -0.3779 0.967, 1.102 -0.3385 0.9547, 1.102 -0.3779 0.9547, 1.0961 -0.3385 0.9405, 1.0961 -0.3779 0.9405, 1.0941 -0.3385 0.9252, 1.0941 -0.3779 0.9252, 1.1728 -0.4567 0.4331, 1.3697 -0.4567 0.4331, 1.1728 -0.4567 0.9055, 1.3697 -0.4567 0.9055, -0.6185 -0.3779 0.3543, -0.6185 -0.3385 0.3543, -0.6033 -0.3385 0.3563, -0.6033 -0.3779 0.3563, -0.589 -0.3385 0.3622, -0.589 -0.3779 0.3622, -0.5768 -0.3385 0.3716, -0.5768 -0.3779 0.3716, -0.5674 -0.3385 0.3839, -0.5674 -0.3779 0.3839, -0.5615 -0.3385 0.3981, -0.5615 -0.3779 0.3981, -0.5595 -0.3385 0.4134, -0.5595 -0.3779 0.4134, -0.5595 -0.3779 0.9252, -0.5595 -0.3385 0.9252, -0.5615 -0.3385 0.9405, -0.5615 -0.3779 0.9405, -0.5674 -0.3385 0.9547, -0.5674 -0.3779 0.9547, -0.5768 -0.3385 0.967, -0.5768 -0.3779 0.967, -0.589 -0.3385 0.9763, -0.589 -0.3779 0.9763, -0.6033 -0.3385 0.9822, -0.6033 -0.3779 0.9822, -0.6185 -0.3385 0.9843, -0.6185 -0.3779 0.9843, -0.8548 -0.3779 0.9843, -0.8548 -0.3385 0.9843, -0.87 -0.3385 0.9822, -0.87 -0.3779 0.9822, -0.8843 -0.3385 0.9763, -0.8843 -0.3779 0.9763, -0.8965 -0.3385 0.967, -0.8965 -0.3779 0.967, -0.9059 -0.3385 0.9547, -0.9059 -0.3779 0.9547, -0.9118 -0.3385 0.9405, -0.9118 -0.3779 0.9405, -0.9138 -0.3385 0.9252, -0.9138 -0.3779 0.9252, -0.9138 -0.3779 0.4134, -0.9138 -0.3385 0.4134, -0.9118 -0.3385 0.3981, -0.9118 -0.3779 0.3981, -0.9059 -0.3385 0.3839, -0.9059 -0.3779 0.3839, -0.8965 -0.3385 0.3716, -0.8965 -0.3779 0.3716, -0.8843 -0.3385 0.3622, -0.8843 -0.3779 0.3622, -0.87 -0.3385 0.3563, -0.87 -0.3779 0.3563, -0.8548 -0.3385 0.3543, -0.8548 -0.3779 0.3543, -0.6382 -0.4567 0.4331, -0.6382 -0.4567 0.9055, -0.8351 -0.4567 0.4331, -0.8351 -0.4567 0.9055
            ]
        }
        coordIndex [
            0,1,2,-1,0,2,3,-1,3,2,4,-1,3,4,5,-1,5,4,6,-1,5,6,7,-1,7,6,8,-1,7,8,9,-1,9,8,10,-1,9,10,11,-1,11,10,12,-1,11,12,13,-1,13,12,14,-1,14,12,15,-1,14,15,16,-1,14,16,17,-1,17,16,18,-1,17,18,19,-1,19,18,20,-1,19,20,21,-1,21,20,22,-1,21,22,23,-1,23,22,24,-1,23,24,25,-1,25,24,26,-1,25,26,27,-1,27,26,28,-1,28,26,29,-1,28,29,30,-1,28,30,31,-1,31,30,32,-1,31,32,33,-1,33,32,34,-1,33,34,35,-1,35,34,36,-1,35,36,37,-1,37,36,38,-1,37,38,39,-1,39,38,40,-1,39,40,41,-1,41,40,42,-1,42,40,43,-1,42,43,44,-1,42,44,45,-1,45,44,46,-1,45,46,47,-1,47,46,48,-1,47,48,49,-1,49,48,50,-1,49,50,51,-1,51,50,52,-1,51,52,53,-1,53,52,54,-1,53,54,55,-1,55,54,0,-1,0,54,1,-1,56,57,58,-1,58,57,59,-1,60,61,62,-1,60,62,63,-1,63,62,64,-1,63,64,65,-1,65,64,66,-1,65,66,67,-1,67,66,68,-1,67,68,69,-1,69,68,70,-1,69,70,71,-1,71,70,72,-1,71,72,73,-1,73,72,74,-1,74,72,75,-1,74,75,76,-1,74,76,77,-1,77,76,78,-1,77,78,79,-1,79,78,80,-1,79,80,81,-1,81,80,82,-1,81,82,83,-1,83,82,84,-1,83,84,85,-1,85,84,86,-1,85,86,87,-1,87,86,88,-1,88,86,89,-1,88,89,90,-1,88,90,91,-1,91,90,92,-1,91,92,93,-1,93,92,94,-1,93,94,95,-1,95,94,96,-1,95,96,97,-1,97,96,98,-1,97,98,99,-1,99,98,100,-1,99,100,101,-1,101,100,102,-1,102,100,103,-1,102,103,104,-1,102,104,105,-1,105,104,106,-1,105,106,107,-1,107,106,108,-1,107,108,109,-1,109,108,110,-1,109,110,111,-1,111,110,112,-1,111,112,113,-1,113,112,114,-1,113,114,115,-1,115,114,60,-1,60,114,61,-1,116,117,118,-1,118,117,119,-1,
        ]
    }
}
Shape{
    appearance Appearance {
        material  Material {
            diffuseColor 0.8509803921568627 0.8509803921568627 0.8509803921568627
            specularColor 0.6823529411764706 0.6823529411764706 0.6823529411764706
            ambientIntensity 0.851
            transparency 0.0
            shininess 0.5
        }
    }
    geometry IndexedFaceSet {
        ccw TRUE
        solid FALSE
        coord DEF co Coordinate {
            point [
                -1.1894 -0.2204 -0.0197, -1.1894 -0.0236 -0.0197, -1.1894 -0.2204 0.2559, -1.1894 -0.0236 0.2559, -1.2681 -0.0236 0.2559, -1.2681 -0.0236 -0.0197, 1.724 -0.2204 0.2559, 1.724 -0.0236 0.2559, 1.724 -0.2204 -0.0197, 1.724 -0.0236 -0.0197, 1.8027 -0.0236 -0.0197, 1.8027 -0.0236 0.2559, 1.7236 -0.2256 0.2559, 1.7226 -0.2306 -0.0197, 1.7226 -0.2306 0.2559, 1.721 -0.2355 0.256, 1.7187 -0.2401 -0.0197, 1.7187 -0.2401 0.2561, 1.7158 -0.2444 0.2563, 1.7125 -0.2483 -0.0197, 1.7125 -0.2483 0.2568, 1.7065 -0.2532 0.2579, 1.7043 -0.2545 -0.0197, 1.7043 -0.2545 0.2584, 1.6996 -0.2568 0.2598, 1.6948 -0.2585 -0.0197, 1.6948 -0.2585 0.2615, 1.6898 -0.2595 0.2637, 1.6846 -0.2598 -0.0197, 1.6846 -0.2598 0.2665, -1.1602 -0.2585 -0.0197, -1.1697 -0.2545 -0.0197, -1.1696 -0.2544 0.2585, -1.1651 -0.2568 0.2598, -1.1602 -0.2585 0.2615, -1.15 -0.2598 -0.0197, -1.1552 -0.2595 0.2637, -1.15 -0.2598 0.2665, -1.1779 -0.2483 -0.0197, -1.1841 -0.2401 -0.0197, -1.1841 -0.2401 0.2561, -1.1813 -0.2444 0.2563, -1.1779 -0.2483 0.2568, -1.1719 -0.2532 0.2579, -1.1881 -0.2306 -0.0197, -1.1891 -0.2256 0.2559, -1.1881 -0.2306 0.2559, -1.1864 -0.2355 0.256, 1.7298 -0.3352 0.2559, 1.724 -0.3366 0.2559, 1.7043 -0.3385 -0.0197, 1.7152 -0.3379 0.2564, 1.7065 -0.3385 0.2579, 1.7043 -0.3385 0.2584, 1.7298 -0.3352 -0.0197, 1.7535 -0.3254 -0.0197, 1.7535 -0.3254 0.2559, 1.7739 -0.3097 -0.0197, 1.7739 -0.3097 0.2559, 1.7895 -0.2893 -0.0197, 1.7895 -0.2893 0.2559, 1.7994 -0.2656 -0.0197, 1.7994 -0.2656 0.2559, 1.8027 -0.2401 -0.0197, 1.8027 -0.2401 0.2559, -1.1697 -0.3385 -0.0197, -1.1697 -0.3385 0.2584, -1.1719 -0.3384 0.258, -1.1806 -0.3379 0.2564, -1.1894 -0.3366 0.2559, -1.1952 -0.3352 -0.0197, -1.1952 -0.3352 0.2559, -1.2189 -0.3254 0.2559, -1.2189 -0.3254 -0.0197, -1.2393 -0.3097 0.2559, -1.2393 -0.3097 -0.0197, -1.255 -0.2893 0.2559, -1.255 -0.2893 -0.0197, -1.2648 -0.2656 0.2559, -1.2648 -0.2656 -0.0197, -1.2681 -0.2401 0.2559, -1.2681 -0.2401 -0.0197
            ]
        }
        coordIndex [
            0,1,2,-1,2,1,3,-1,3,1,4,-1,4,1,5,-1,6,7,8,-1,8,7,9,-1,9,7,10,-1,10,7,11,-1,6,8,12,-1,12,8,13,-1,12,13,14,-1,14,13,15,-1,15,13,16,-1,15,16,17,-1,17,16,18,-1,18,16,19,-1,18,19,20,-1,20,19,21,-1,21,19,22,-1,21,22,23,-1,23,22,24,-1,24,22,25,-1,24,25,26,-1,26,25,27,-1,27,25,28,-1,27,28,29,-1,30,31,32,-1,32,33,30,-1,30,33,34,-1,30,34,35,-1,35,34,36,-1,35,36,37,-1,38,39,40,-1,40,41,38,-1,38,41,42,-1,38,42,31,-1,31,42,43,-1,31,43,32,-1,44,0,2,-1,2,45,44,-1,44,45,46,-1,44,46,39,-1,39,46,47,-1,39,47,40,-1,48,49,50,-1,49,51,50,-1,50,51,52,-1,50,52,53,-1,50,54,48,-1,48,54,55,-1,48,55,56,-1,56,55,57,-1,56,57,58,-1,58,57,59,-1,58,59,60,-1,60,59,61,-1,60,61,62,-1,62,61,63,-1,62,63,64,-1,65,66,67,-1,67,68,65,-1,65,68,69,-1,65,69,70,-1,69,71,70,-1,70,71,72,-1,70,72,73,-1,73,72,74,-1,73,74,75,-1,75,74,76,-1,75,76,77,-1,77,76,78,-1,77,78,79,-1,79,78,80,-1,79,80,81,-1,
        ]
    }
}
Shape{
    appearance Appearance {
        material  Material {
            diffuseColor 0.8431372549019608 0.8156862745098039 0.7529411764705882
            specularColor 0.25098039215686274 0.24313725490196078 0.22745098039215686
            ambientIntensity 0.8167
            transparency 0.0
            shininess 0.5
        }
    }
    geometry IndexedFaceSet {
        ccw TRUE
        solid FALSE
        coord DEF co Coordinate {
            point [
                -0.8351 -0.4567 0.9055, -0.6382 -0.4567 0.9055, -0.6332 -0.453 0.9257, -0.6185 -0.3779 0.9843, -0.8548 -0.3779 0.9843, -0.6189 -0.3926 0.9829, -0.8544 -0.3926 0.9829, -0.6193 -0.3982 0.9812, -0.854 -0.3982 0.9812, -0.62 -0.4077 0.9784, -0.8533 -0.4077 0.9784, -0.6213 -0.417 0.9733, -0.852 -0.417 0.9733, -0.6221 -0.4234 0.9698, -0.8511 -0.4234 0.9698, -0.6244 -0.4331 0.9607, -0.8489 -0.4331 0.9607, -0.6258 -0.4389 0.9553, -0.8475 -0.4389 0.9553, -0.6285 -0.4452 0.9444, -0.8448 -0.4452 0.9444, -0.6312 -0.4515 0.9334, -0.842 -0.4515 0.9334, -0.8401 -0.453 0.9257, -0.9118 -0.3779 0.9405, -0.9138 -0.3779 0.9252, -0.9124 -0.3926 0.9249, -0.8843 -0.3779 0.9763, -0.8965 -0.3779 0.967, -0.8947 -0.3969 0.9652, -0.87 -0.3779 0.9822, -0.8829 -0.3964 0.9744, -0.8691 -0.3949 0.9805, -0.91 -0.3949 0.9396, -0.9108 -0.3982 0.9244, -0.9046 -0.4116 0.9368, -0.8663 -0.4116 0.975, -0.908 -0.4077 0.9237, -0.9028 -0.417 0.9225, -0.8949 -0.4276 0.932, -0.8616 -0.4276 0.9653, -0.8994 -0.4234 0.9216, -0.8903 -0.4331 0.9193, -0.8801 -0.4419 0.9251, -0.8547 -0.4419 0.9506, -0.863 -0.4515 0.9125, -0.8597 -0.4526 0.9161, -0.8739 -0.4452 0.9152, -0.8849 -0.4389 0.918, -0.8563 -0.4532 0.9197, -0.8746 -0.4437 0.9322, -0.8886 -0.4302 0.942, -0.8983 -0.414 0.949, -0.904 -0.3964 0.9533, -0.9059 -0.3779 0.9547, -0.8529 -0.4534 0.9233, -0.8684 -0.4443 0.9388, -0.8807 -0.431 0.9511, -0.8895 -0.4149 0.9599, -0.8553 -0.453 0.9106, -0.8457 -0.4526 0.9302, -0.8786 -0.414 0.9687, -0.8715 -0.4302 0.959, -0.8617 -0.4437 0.945, -0.8493 -0.4532 0.9268, -0.6033 -0.3779 0.9822, -0.5674 -0.3779 0.9547, -0.5768 -0.3779 0.967, -0.5785 -0.3969 0.9652, -0.5615 -0.3779 0.9405, -0.5693 -0.3964 0.9533, -0.5609 -0.3926 0.9249, -0.5595 -0.3779 0.9252, -0.5633 -0.3949 0.9396, -0.6042 -0.3949 0.9805, -0.607 -0.4116 0.975, -0.5625 -0.3982 0.9244, -0.5687 -0.4116 0.9368, -0.5653 -0.4077 0.9237, -0.6117 -0.4276 0.9653, -0.5705 -0.417 0.9225, -0.5784 -0.4276 0.932, -0.5739 -0.4234 0.9216, -0.6186 -0.4419 0.9506, -0.5932 -0.4419 0.9251, -0.5884 -0.4389 0.918, -0.583 -0.4331 0.9193, -0.6276 -0.4526 0.9302, -0.624 -0.4532 0.9268, -0.6116 -0.4437 0.945, -0.6017 -0.4302 0.959, -0.5947 -0.414 0.9687, -0.5904 -0.3964 0.9744, -0.589 -0.3779 0.9763, -0.6204 -0.4534 0.9233, -0.6049 -0.4443 0.9388, -0.5926 -0.431 0.9511, -0.5838 -0.4149 0.9599, -0.618 -0.453 0.9106, -0.6136 -0.4526 0.9161, -0.6103 -0.4515 0.9125, -0.5994 -0.4452 0.9152, -0.575 -0.414 0.949, -0.5847 -0.4302 0.942, -0.5987 -0.4437 0.9322, -0.617 -0.4532 0.9197, -0.863 -0.4515 0.4261, -0.8553 -0.453 0.428, -0.8351 -0.4567 0.4331, -0.9138 -0.3779 0.4134, -0.9124 -0.3926 0.4137, -0.9108 -0.3982 0.4141, -0.908 -0.4077 0.4148, -0.9028 -0.417 0.4161, -0.8994 -0.4234 0.417, -0.8903 -0.4331 0.4193, -0.8849 -0.4389 0.4206, -0.8739 -0.4452 0.4234, -0.5595 -0.3779 0.4134, -0.5609 -0.3926 0.4137, -0.5625 -0.3982 0.4141, -0.5653 -0.4077 0.4148, -0.5705 -0.417 0.4161, -0.5739 -0.4234 0.417, -0.583 -0.4331 0.4193, -0.5884 -0.4389 0.4206, -0.5994 -0.4452 0.4234, -0.6103 -0.4515 0.4261, -0.618 -0.453 0.428, -0.6382 -0.4567 0.4331, -0.87 -0.3779 0.3563, -0.8548 -0.3779 0.3543, -0.8544 -0.3926 0.3557, -0.9059 -0.3779 0.3839, -0.8965 -0.3779 0.3716, -0.8947 -0.3969 0.3734, -0.9118 -0.3779 0.3981, -0.904 -0.3964 0.3853, -0.91 -0.3949 0.399, -0.8691 -0.3949 0.3581, -0.854 -0.3982 0.3574, -0.8663 -0.4116 0.3636, -0.9046 -0.4116 0.4018, -0.8533 -0.4077 0.3602, -0.852 -0.417 0.3653, -0.8616 -0.4276 0.3733, -0.8949 -0.4276 0.4066, -0.8511 -0.4234 0.3688, -0.8489 -0.4331 0.3779, -0.8547 -0.4419 0.388, -0.8801 -0.4419 0.4134, -0.842 -0.4515 0.4052, -0.8457 -0.4526 0.4084, -0.8448 -0.4452 0.3942, -0.8475 -0.4389 0.3833, -0.8493 -0.4532 0.4118, -0.8617 -0.4437 0.3936, -0.8715 -0.4302 0.3796, -0.8786 -0.414 0.3699, -0.8829 -0.3964 0.3641, -0.8843 -0.3779 0.3622, -0.8529 -0.4534 0.4153, -0.8684 -0.4443 0.3997, -0.8807 -0.431 0.3875, -0.8895 -0.4149 0.3787, -0.8401 -0.453 0.4129, -0.8597 -0.4526 0.4225, -0.8983 -0.414 0.3895, -0.8886 -0.4302 0.3966, -0.8746 -0.4437 0.4064, -0.8563 -0.4532 0.4188, -0.5615 -0.3779 0.3981, -0.589 -0.3779 0.3622, -0.5768 -0.3779 0.3716, -0.5785 -0.3969 0.3734, -0.6033 -0.3779 0.3563, -0.5904 -0.3964 0.3641, -0.6189 -0.3926 0.3557, -0.6185 -0.3779 0.3543, -0.6042 -0.3949 0.3581, -0.5633 -0.3949 0.399, -0.5687 -0.4116 0.4018, -0.6193 -0.3982 0.3574, -0.607 -0.4116 0.3636, -0.62 -0.4077 0.3602, -0.5784 -0.4276 0.4066, -0.6213 -0.417 0.3653, -0.6117 -0.4276 0.3733, -0.6221 -0.4234 0.3688, -0.5932 -0.4419 0.4134, -0.6186 -0.4419 0.388, -0.6258 -0.4389 0.3833, -0.6244 -0.4331 0.3779, -0.6136 -0.4526 0.4225, -0.617 -0.4532 0.4188, -0.5987 -0.4437 0.4064, -0.5847 -0.4302 0.3966, -0.575 -0.414 0.3895, -0.5693 -0.3964 0.3853, -0.5674 -0.3779 0.3839, -0.6204 -0.4534 0.4153, -0.6049 -0.4443 0.3997, -0.5926 -0.431 0.3875, -0.5838 -0.4149 0.3787, -0.6332 -0.453 0.4129, -0.6276 -0.4526 0.4084, -0.6312 -0.4515 0.4052, -0.6285 -0.4452 0.3942, -0.5947 -0.414 0.3699, -0.6017 -0.4302 0.3796, -0.6116 -0.4437 0.3936, -0.624 -0.4532 0.4118, 1.4085 -0.4452 0.4234, 1.4085 -0.4452 0.9152, 1.3976 -0.4515 0.9125, 1.3976 -0.4515 0.4261, 1.3898 -0.453 0.9106, 1.3898 -0.453 0.428, 1.3697 -0.4567 0.9055, 1.3697 -0.4567 0.4331, 1.4195 -0.4389 0.918, 1.4195 -0.4389 0.4206, 1.4248 -0.4331 0.9193, 1.4454 -0.3982 0.4141, 1.4426 -0.4077 0.9237, 1.4426 -0.4077 0.4148, 1.4374 -0.417 0.9225, 1.4374 -0.417 0.4161, 1.4339 -0.4234 0.9216, 1.4339 -0.4234 0.417, 1.4248 -0.4331 0.4193, 1.4484 -0.3779 0.4134, 1.4484 -0.3779 0.9252, 1.447 -0.3926 0.4137, 1.447 -0.3926 0.9249, 1.4454 -0.3982 0.9244, 1.3886 -0.3982 0.9812, 1.3879 -0.4077 0.9784, 1.4009 -0.4116 0.975, 1.4446 -0.3949 0.9396, 1.3866 -0.417 0.9733, 1.3857 -0.4234 0.9698, 1.3961 -0.4276 0.9653, 1.4392 -0.4116 0.9368, 1.3834 -0.4331 0.9607, 1.3821 -0.4389 0.9553, 1.3893 -0.4419 0.9506, 1.4295 -0.4276 0.932, 1.3794 -0.4452 0.9444, 1.3766 -0.4515 0.9334, 1.3803 -0.4526 0.9302, 1.3839 -0.4532 0.9268, 1.3909 -0.4532 0.9197, 1.3874 -0.4534 0.9233, 1.3943 -0.4526 0.9161, 1.3747 -0.453 0.9257, 1.4147 -0.4419 0.9251, 1.3963 -0.4437 0.945, 1.403 -0.4443 0.9388, 1.4092 -0.4437 0.9322, 1.4061 -0.4302 0.959, 1.4153 -0.431 0.9511, 1.4231 -0.4302 0.942, 1.4132 -0.414 0.9687, 1.424 -0.4149 0.9599, 1.4329 -0.414 0.949, 1.389 -0.3926 0.9829, 1.4037 -0.3949 0.9805, 1.4174 -0.3964 0.9744, 1.4293 -0.3969 0.9652, 1.4386 -0.3964 0.9533, 1.3893 -0.3779 0.9843, 1.4046 -0.3779 0.9822, 1.4189 -0.3779 0.9763, 1.4311 -0.3779 0.967, 1.4405 -0.3779 0.9547, 1.4464 -0.3779 0.9405, 1.4392 -0.4116 0.4018, 1.3886 -0.3982 0.3574, 1.389 -0.3926 0.3557, 1.4037 -0.3949 0.3581, 1.4295 -0.4276 0.4066, 1.3866 -0.417 0.3653, 1.3879 -0.4077 0.3602, 1.4009 -0.4116 0.3636, 1.4147 -0.4419 0.4134, 1.3834 -0.4331 0.3779, 1.3857 -0.4234 0.3688, 1.3961 -0.4276 0.3733, 1.3943 -0.4526 0.4225, 1.3909 -0.4532 0.4188, 1.3839 -0.4532 0.4118, 1.3874 -0.4534 0.4153, 1.3803 -0.4526 0.4084, 1.3747 -0.453 0.4129, 1.3766 -0.4515 0.4052, 1.3794 -0.4452 0.3942, 1.3893 -0.4419 0.388, 1.4092 -0.4437 0.4064, 1.403 -0.4443 0.3997, 1.3963 -0.4437 0.3936, 1.3821 -0.4389 0.3833, 1.4231 -0.4302 0.3966, 1.4153 -0.431 0.3875, 1.4061 -0.4302 0.3796, 1.4329 -0.414 0.3895, 1.424 -0.4149 0.3787, 1.4132 -0.414 0.3699, 1.4446 -0.3949 0.399, 1.4386 -0.3964 0.3853, 1.4293 -0.3969 0.3734, 1.4174 -0.3964 0.3641, 1.4464 -0.3779 0.3981, 1.4405 -0.3779 0.3839, 1.4311 -0.3779 0.3716, 1.4189 -0.3779 0.3622, 1.4046 -0.3779 0.3563, 1.3893 -0.3779 0.3543, 1.1728 -0.4567 0.9055, 1.1678 -0.453 0.9257, 1.1658 -0.4515 0.9334, 1.1631 -0.4452 0.9444, 1.1567 -0.4234 0.9698, 1.159 -0.4331 0.9607, 1.1604 -0.4389 0.9553, 1.1531 -0.3779 0.9843, 1.1535 -0.3926 0.9829, 1.1539 -0.3982 0.9812, 1.1546 -0.4077 0.9784, 1.1559 -0.417 0.9733, 1.1531 -0.3779 0.3543, 1.1535 -0.3926 0.3557, 1.1539 -0.3982 0.3574, 1.1546 -0.4077 0.3602, 1.1559 -0.417 0.3653, 1.1567 -0.4234 0.3688, 1.159 -0.4331 0.3779, 1.1604 -0.4389 0.3833, 1.1631 -0.4452 0.3942, 1.1658 -0.4515 0.4052, 1.1678 -0.453 0.4129, 1.1728 -0.4567 0.4331, 1.0971 -0.3982 0.9244, 1.0999 -0.4077 0.9237, 1.1033 -0.4116 0.9368, 1.1388 -0.3949 0.9805, 1.105 -0.417 0.9225, 1.1085 -0.4234 0.9216, 1.113 -0.4276 0.932, 1.1416 -0.4116 0.975, 1.1176 -0.4331 0.9193, 1.123 -0.4389 0.918, 1.1278 -0.4419 0.9251, 1.1463 -0.4276 0.9653, 1.1339 -0.4452 0.9152, 1.1449 -0.4515 0.9125, 1.1482 -0.4526 0.9161, 1.1515 -0.4532 0.9197, 1.1586 -0.4532 0.9268, 1.155 -0.4534 0.9233, 1.1622 -0.4526 0.9302, 1.1526 -0.453 0.9106, 1.1532 -0.4419 0.9506, 1.1333 -0.4437 0.9322, 1.1395 -0.4443 0.9388, 1.1462 -0.4437 0.945, 1.1193 -0.4302 0.942, 1.1272 -0.431 0.9511, 1.1363 -0.4302 0.959, 1.1096 -0.414 0.949, 1.1184 -0.4149 0.9599, 1.1293 -0.414 0.9687, 1.0954 -0.3926 0.9249, 1.0978 -0.3949 0.9396, 1.1039 -0.3964 0.9533, 1.1131 -0.3969 0.9652, 1.125 -0.3964 0.9744, 1.0941 -0.3779 0.9252, 1.0961 -0.3779 0.9405, 1.102 -0.3779 0.9547, 1.1114 -0.3779 0.967, 1.1236 -0.3779 0.9763, 1.1378 -0.3779 0.9822, 1.1416 -0.4116 0.3636, 1.0971 -0.3982 0.4141, 1.0954 -0.3926 0.4137, 1.0978 -0.3949 0.399, 1.1463 -0.4276 0.3733, 1.105 -0.417 0.4161, 1.0999 -0.4077 0.4148, 1.1033 -0.4116 0.4018, 1.1532 -0.4419 0.388, 1.1176 -0.4331 0.4193, 1.1085 -0.4234 0.417, 1.113 -0.4276 0.4066, 1.1622 -0.4526 0.4084, 1.1586 -0.4532 0.4118, 1.1515 -0.4532 0.4188, 1.155 -0.4534 0.4153, 1.1482 -0.4526 0.4225, 1.1526 -0.453 0.428, 1.1449 -0.4515 0.4261, 1.1339 -0.4452 0.4234, 1.1278 -0.4419 0.4134, 1.1462 -0.4437 0.3936, 1.1395 -0.4443 0.3997, 1.1333 -0.4437 0.4064, 1.123 -0.4389 0.4206, 1.1363 -0.4302 0.3796, 1.1272 -0.431 0.3875, 1.1193 -0.4302 0.3966, 1.1293 -0.414 0.3699, 1.1184 -0.4149 0.3787, 1.1096 -0.414 0.3895, 1.1388 -0.3949 0.3581, 1.125 -0.3964 0.3641, 1.1131 -0.3969 0.3734, 1.1039 -0.3964 0.3853, 1.1378 -0.3779 0.3563, 1.1236 -0.3779 0.3622, 1.1114 -0.3779 0.3716, 1.102 -0.3779 0.3839, 1.0961 -0.3779 0.3981, 1.0941 -0.3779 0.4134, -0.4414 0.5237 -0.0197, -0.4414 0.6496 -0.0197, -0.2431 0.6496 -0.0197, 0.6274 0.3788 -0.0197, 0.6274 0.2035 -0.0197, 0.5578 0.2035 -0.0197, 0.6538 0.3788 -0.0197, 1.1531 0.38 -0.0197, 0.6538 0.1819 -0.0197, 1.1531 0.1807 -0.0197, 0.5578 0.1807 -0.0197, 0.5578 0.38 -0.0197, 0.5446 0.38 -0.0197, 0.553 0.2035 -0.0197, 0.5446 0.1807 -0.0197, 0.553 0.1819 -0.0197, 0.5578 0.1819 -0.0197, -0.0741 0.0878 -0.0197, -0.1067 0.1128 -0.0197, 0.0416 0.1567 -0.0197, -0.1067 -0.16 -0.0197, -0.0741 -0.1349 -0.0197, 0.0416 -0.2559 -0.0197, -0.0491 -0.1023 -0.0197, -0.0334 -0.0643 -0.0197, -0.028 -0.0236 -0.0197, -0.0334 0.0172 -0.0197, -0.0491 0.0552 -0.0197, -0.1447 0.1285 -0.0197, -0.1855 0.1339 -0.0197, -0.2431 0.1567 -0.0197, -0.2262 0.1285 -0.0197, -0.2431 0.1216 -0.0197, -0.2431 -0.1687 -0.0197, -0.2262 -0.1757 -0.0197, -0.2431 -0.2559 -0.0197, -0.1855 -0.1811 -0.0197, -0.1447 -0.1757 -0.0197, -0.2642 0.1128 -0.0197, -0.2968 0.0878 -0.0197, -0.6185 0.1567 -0.0197, -0.3218 0.0552 -0.0197, -0.3376 -0.0643 -0.0197, -0.6185 -0.2559 -0.0197, -0.3429 -0.0236 -0.0197, -0.3376 0.0172 -0.0197, -0.3218 -0.1023 -0.0197, -0.2968 -0.1349 -0.0197, -0.2642 -0.16 -0.0197, -0.4414 0.4528 -0.0197, 0.976 0.5237 -0.0197, 0.976 0.4528 -0.0197, 1.1531 0.4528 -0.0197, 0.3705 0.38 -0.0197, 0.3897 0.2138 -0.0197, 0.3705 0.1807 -0.0197, 0.3897 0.1921 -0.0197, 0.4107 0.1835 -0.0197, 0.4187 0.38 -0.0197, 0.4125 0.3796 -0.0197, 0.3897 0.3734 -0.0197, 0.3897 0.347 -0.0197, 0.4119 0.3565 -0.0197, 0.3932 0.2118 -0.0197, 0.4358 0.3596 -0.0197, 0.4552 0.3574 -0.0197, 0.4699 0.3521 -0.0197, 0.4836 0.343 -0.0197, 0.4955 0.3299 -0.0197, 0.5098 0.2783 -0.0197, 0.5078 0.257 -0.0197, 0.5024 0.24 -0.0197, 0.4586 0.2032 -0.0197, 0.4402 0.2011 -0.0197, 0.473 0.2085 -0.0197, 0.485 0.2166 -0.0197, 0.4943 0.2264 -0.0197, 0.4141 0.204 -0.0197, 0.5036 0.3147 -0.0197, 0.5088 0.2936 -0.0197, 0.436 0.3812 -0.0197, 0.3705 0.6496 -0.0197, 0.4507 0.38 -0.0197, 0.5446 0.6496 -0.0197, 0.5258 0.3269 -0.0197, 0.5142 0.3453 -0.0197, 0.5031 0.1987 -0.0197, 0.5178 0.2143 -0.0197, 0.5283 0.233 -0.0197, 0.4555 0.1807 -0.0197, 0.4681 0.1821 -0.0197, 0.4872 0.1886 -0.0197, 0.4965 0.3624 -0.0197, 0.4778 0.3732 -0.0197, 0.4558 0.3796 -0.0197, 0.5343 0.2539 -0.0197, 0.5362 0.2767 -0.0197, 0.5333 0.3046 -0.0197, 0.4306 0.1807 -0.0197, 0.4385 0.1796 -0.0197, 0.3705 0.1567 -0.0197, 0.4439 0.1795 -0.0197, 0.5446 0.1567 -0.0197, 0.5626 -0.0236 -0.0197, 0.5679 -0.0643 -0.0197, 0.5578 -0.2559 -0.0197, 0.8722 0.0172 -0.0197, 0.8564 0.0552 -0.0197, 1.1531 0.1567 -0.0197, 0.8314 0.0878 -0.0197, 0.7988 0.1128 -0.0197, 0.7988 -0.16 -0.0197, 0.8314 -0.1349 -0.0197, 1.1531 -0.2559 -0.0197, 0.8564 -0.1023 -0.0197, 0.8722 -0.0643 -0.0197, 0.8775 -0.0236 -0.0197, 0.6413 0.1128 -0.0197, 0.6087 0.0878 -0.0197, 0.5578 0.1567 -0.0197, 0.5837 0.0552 -0.0197, 0.5679 0.0172 -0.0197, 0.5837 -0.1023 -0.0197, 0.6087 -0.1349 -0.0197, 0.6413 -0.16 -0.0197, 0.7608 0.1285 -0.0197, 0.72 0.1339 -0.0197, 0.6793 0.1285 -0.0197, 0.6793 -0.1757 -0.0197, 0.72 -0.1811 -0.0197, 0.7608 -0.1757 -0.0197, 0.2265 -0.2559 -0.0197, 0.2265 0.1567 -0.0197, 0.3705 -0.2559 -0.0197, 0.5446 -0.2559 -0.0197, -0.2431 0.1807 -0.0197, 0.0416 0.1807 -0.0197, 0.2265 0.1807 -0.0197, 0.2505 0.3788 -0.0197, 0.2265 0.38 -0.0197, 0.2505 0.3572 -0.0197, 0.2457 0.2035 -0.0197, 0.2457 0.1819 -0.0197, 0.3513 0.1819 -0.0197, 0.3513 0.3788 -0.0197, 0.3249 0.2708 -0.0197, 0.3249 0.2035 -0.0197, 0.2553 0.2708 -0.0197, 0.2553 0.2924 -0.0197, 0.3249 0.2924 -0.0197, 0.3249 0.3572 -0.0197, 0.0587 0.2359 -0.0197, 0.07 0.2183 -0.0197, 0.0862 0.2028 -0.0197, 0.1067 0.1908 -0.0197, 0.1517 0.3788 -0.0197, 0.0416 0.38 -0.0197, 0.1233 0.3758 -0.0197, 0.1003 0.3677 -0.0197, 0.0788 0.3533 -0.0197, 0.0786 0.3531 -0.0197, 0.0647 0.3377 -0.0197, 0.0556 0.3208 -0.0197, 0.1294 0.1841 -0.0197, 0.1537 0.1819 -0.0197, 0.2073 0.1819 -0.0197, 0.2073 0.3788 -0.0197, 0.0503 0.3014 -0.0197, 0.0488 0.2828 -0.0197, 0.0516 0.2565 -0.0197, -0.0945 0.2372 -0.0197, -0.0132 0.2372 -0.0197, -0.1144 0.1819 -0.0197, 0.0056 0.1819 -0.0197, -0.1432 0.1819 -0.0197, -0.0664 0.3788 -0.0197, -0.2431 0.38 -0.0197, 0.0344 0.1819 -0.0197, -0.04 0.3788 -0.0197, -0.6185 0.4528 -0.0197, -0.6185 0.38 -0.0197, -0.6185 0.1807 -0.0197, 0.5578 0.6496 -0.0197, 0.976 0.6496 -0.0197, 0.0416 0.6496 -0.0197, 0.2265 0.6496 -0.0197, 0.976 0.4816 0.0052, 0.976 0.502 -0.0104, 0.976 0.466 0.0256, 0.976 0.4561 0.0493, 0.976 0.4528 0.0748, -0.4414 0.6496 0.3346, -0.4414 0.5315 0.3346, -0.8744 0.6496 0.3346, -0.6737 0.5315 0.3346, -0.7366 -0.2559 0.3346, -0.8744 -0.2559 0.3346, -0.7366 0.4528 0.3346, -0.6737 0.4528 0.3346, -0.4414 0.6496 0.0551, -0.4414 0.5512 0.0551, -0.4414 0.5461 0.0558, -0.4414 0.5322 0.0697, -0.4414 0.5315 0.0748, -0.4414 0.5414 0.0578, -0.4414 0.5373 0.0609, -0.4414 0.5342 0.065, -0.4414 0.466 0.0256, -0.4414 0.4561 0.0493, -0.4414 0.4528 0.0748, -0.4414 0.4816 0.0052, -0.4414 0.502 -0.0104, -0.6855 0.4528 0.3051, -0.6949 0.4528 0.3173, -0.6737 0.4528 0.0748, -0.6756 0.4528 0.0241, -0.6776 0.4528 0.0394, -0.7071 0.4528 0.3267, -0.7214 0.4528 0.3326, -0.6776 0.4528 0.2756, -0.6796 0.4528 0.2909, -0.6338 0.4528 -0.0177, -0.6481 0.4528 -0.0118, -0.6697 0.4528 0.0098, -0.6603 0.4528 -0.0024, 1.2122 0.4528 0.2756, 1.2122 -0.2559 0.2756, 1.2122 0.4528 0.0394, 1.2122 -0.2559 0.0394, 1.2712 0.4528 0.3346, 1.2712 -0.2559 0.3346, 1.2559 0.4528 0.3326, 1.2559 -0.2559 0.3326, 1.2417 0.4528 0.3267, 1.2417 -0.2559 0.3267, 1.2295 0.4528 0.3173, 1.2295 -0.2559 0.3173, 1.2201 0.4528 0.3051, 1.2201 -0.2559 0.3051, 1.2142 0.4528 0.2909, 1.2142 -0.2559 0.2909, 1.1684 -0.2559 -0.0177, 1.1684 0.4528 -0.0177, 1.1826 0.4528 -0.0118, 1.1826 -0.2559 -0.0118, 1.1949 0.4528 -0.0024, 1.1949 -0.2559 -0.0024, 1.2043 0.4528 0.0098, 1.2043 -0.2559 0.0098, 1.2102 0.4528 0.0241, 1.2102 -0.2559 0.0241, 0.8564 -0.2559 0.4357, 0.852 -0.2559 0.4232, 1.5862 -0.2559 1.3583, 1.5118 -0.2559 1.0807, 1.5271 -0.2559 1.0827, 0.8244 -0.2559 0.3956, 0.8119 -0.2559 0.3912, 0.852 -0.2559 0.9469, 0.8564 -0.2559 0.9344, 0.8578 -0.2559 0.4488, 0.845 -0.2559 0.412, 0.8356 -0.2559 0.4026, 1.4701 -0.2559 1.0389, 1.476 -0.2559 1.0531, -1.0516 -0.2559 1.3583, 1.4854 -0.2559 1.0654, 1.4976 -0.2559 1.0748, -1.0516 -0.2559 1.0827, -0.9926 -0.2559 1.0827, 0.8578 -0.2559 0.9213, -1.0811 -0.2559 1.0906, -1.0669 -0.2559 1.0847, -0.9414 -0.2559 1.0531, -0.9355 -0.2559 1.0389, 1.6452 -0.2559 1.1417, 1.6279 -0.2559 1.1, 1.6432 -0.2559 1.1264, 1.6373 -0.2559 1.1122, 1.6157 -0.2559 1.3504, 1.6452 -0.2559 1.2992, 1.6279 -0.2559 1.341, 1.6432 -0.2559 1.3145, 1.6373 -0.2559 1.3287, -0.9773 -0.2559 1.0807, -0.963 -0.2559 1.0748, -0.9508 -0.2559 1.0654, 1.4681 -0.2559 0.3937, 1.4681 -0.2559 1.0236, 1.409 -0.2559 0.3346, 1.5862 -0.2559 1.0827, 1.6015 -0.2559 1.0847, 1.6157 -0.2559 1.0906, 1.6015 -0.2559 1.3563, -1.0811 -0.2559 1.3504, -1.0934 -0.2559 1.341, -1.1028 -0.2559 1.3287, -0.6855 -0.2559 0.3051, 0.7988 -0.2559 0.3898, -0.6949 -0.2559 0.3173, -0.2642 -0.2559 0.3898, -1.0669 -0.2559 1.3563, -1.1107 -0.2559 1.2992, -1.1087 -0.2559 1.3145, -1.1107 -0.2559 1.1417, -1.1087 -0.2559 1.1264, -0.2773 -0.2559 0.3912, -0.2898 -0.2559 0.3956, -0.301 -0.2559 0.4026, -0.3233 -0.2559 0.4488, -0.3233 -0.2559 0.9213, -0.7071 -0.2559 0.3267, -0.6796 -0.2559 0.2909, -0.6776 -0.2559 0.2756, -0.6776 -0.2559 0.0394, -0.6756 -0.2559 0.0241, -1.1028 -0.2559 1.1122, -1.0934 -0.2559 1.1, 0.8244 -0.2559 0.9745, 0.8356 -0.2559 0.9674, -0.3104 -0.2559 0.412, -0.3174 -0.2559 0.4232, -0.3218 -0.2559 0.4357, 1.4386 -0.2559 0.3426, 1.4508 -0.2559 0.3519, 1.4602 -0.2559 0.3642, -0.3104 -0.2559 0.9581, -0.301 -0.2559 0.9674, -0.2898 -0.2559 0.9745, 1.4243 -0.2559 0.3367, 1.4661 -0.2559 0.3784, -0.6697 -0.2559 0.0098, -0.6603 -0.2559 -0.0024, -0.9335 -0.2559 0.3937, -0.9315 -0.2559 0.3784, -0.9256 -0.2559 0.3642, 0.8119 -0.2559 0.9788, 0.845 -0.2559 0.9581, -0.6481 -0.2559 -0.0118, -0.6338 -0.2559 -0.0177, -0.9335 -0.2559 1.0236, -0.9162 -0.2559 0.3519, -0.904 -0.2559 0.3426, -0.8897 -0.2559 0.3367, -0.2773 -0.2559 0.9788, -0.2642 -0.2559 0.9803, 0.7988 -0.2559 0.9803, -0.3218 -0.2559 0.9344, -0.3174 -0.2559 0.9469, -0.7214 -0.2559 0.3326, 0.2342 0.6496 0.3795, 0.1437 0.6496 0.6165, 0.1565 0.6496 0.5856, 0.3313 0.6496 1.1541, 0.3004 0.6496 1.1669, 1.4854 0.6496 1.0654, 0.2673 0.6496 1.1713, 1.4976 0.6496 1.0748, 0.3578 0.6496 1.1338, 0.976 0.6496 0.3346, 0.3781 0.6496 1.1073, 0.3909 0.6496 1.0764, -1.0516 0.6496 1.3583, -0.9773 0.6496 1.0807, -0.9926 0.6496 1.0827, 0.2673 0.6496 0.3839, 0.1768 0.6496 0.5591, 0.2033 0.6496 0.5388, 0.1393 0.6496 1.0433, 0.1437 0.6496 1.0102, -0.9335 0.6496 0.3937, 1.5862 0.6496 1.3583, -0.9508 0.6496 1.0654, -0.963 0.6496 1.0748, 1.5118 0.6496 1.0807, 0.2342 0.6496 1.1669, 0.2033 0.6496 1.1541, 0.1768 0.6496 1.1338, 0.1565 0.6496 1.1073, 0.1437 0.6496 1.0764, 1.6452 0.6496 1.2992, 1.5862 0.6496 1.0827, 1.5271 0.6496 1.0827, 0.3578 0.6496 0.1654, 0.3313 0.6496 0.1451, 0.3004 0.6496 0.1323, 0.3578 0.6496 0.5591, 0.3781 0.6496 0.5856, 0.1565 0.6496 0.9793, 0.2342 0.6496 0.7732, 0.2033 0.6496 0.7604, 0.2033 0.6496 0.1451, 1.476 0.6496 1.0531, 1.4701 0.6496 1.0389, 1.4681 0.6496 1.0236, 1.4681 0.6496 0.3937, 1.409 0.6496 0.3346, 1.4243 0.6496 0.3367, 0.3781 0.6496 0.1919, 0.3909 0.6496 0.2228, 0.3952 0.6496 0.2559, 0.3909 0.6496 0.6165, 0.3952 0.6496 0.6496, 0.3909 0.6496 0.6827, 0.3781 0.6496 0.7136, 0.3952 0.6496 1.0433, 0.2673 0.6496 0.7776, 0.1768 0.6496 0.9528, 0.2033 0.6496 0.9325, 0.1393 0.6496 0.2559, 0.1437 0.6496 0.2228, 0.1565 0.6496 0.1919, 0.976 0.6496 0.0551, 0.2342 0.6496 0.1323, 0.2673 0.6496 0.128, -0.9335 0.6496 1.0236, -0.9355 0.6496 1.0389, -0.9414 0.6496 1.0531, -0.9162 0.6496 0.3519, -0.904 0.6496 0.3426, -0.8897 0.6496 0.3367, -0.9256 0.6496 0.3642, -0.9315 0.6496 0.3784, -1.0934 0.6496 1.1, -1.0516 0.6496 1.0827, -1.0811 0.6496 1.0906, -1.0669 0.6496 1.0847, -1.1107 0.6496 1.1417, -1.1107 0.6496 1.2992, 1.4661 0.6496 0.3784, 1.4602 0.6496 0.3642, 1.4508 0.6496 0.3519, 0.3578 0.6496 0.9528, 0.3781 0.6496 0.9793, 0.3909 0.6496 1.0102, 0.1768 0.6496 0.1654, -1.1028 0.6496 1.1122, -1.1087 0.6496 1.1264, -1.1028 0.6496 1.3287, -1.0934 0.6496 1.341, -1.0811 0.6496 1.3504, 1.6432 0.6496 1.3145, 1.6015 0.6496 1.3563, 1.6373 0.6496 1.3287, 1.6157 0.6496 1.3504, 1.6279 0.6496 1.341, -1.1087 0.6496 1.3145, -1.0669 0.6496 1.3563, 1.6452 0.6496 1.1417, 1.6432 0.6496 1.1264, 1.6015 0.6496 1.0847, 1.6373 0.6496 1.1122, 1.6157 0.6496 1.0906, 1.6279 0.6496 1.1, 1.4386 0.6496 0.3426, 0.2342 0.6496 0.526, 0.2673 0.6496 0.5217, 0.3004 0.6496 0.3795, 0.3004 0.6496 0.526, 0.3313 0.6496 0.3667, 0.3313 0.6496 0.5388, 0.3578 0.6496 0.3464, 0.3781 0.6496 0.3199, 0.3909 0.6496 0.289, 0.1768 0.6496 0.7401, 0.1565 0.6496 0.7136, 0.1437 0.6496 0.6827, 0.1393 0.6496 0.6496, 0.2033 0.6496 0.3667, 0.1768 0.6496 0.3464, 0.1565 0.6496 0.3199, 0.1437 0.6496 0.289, 0.2342 0.6496 0.9197, 0.2673 0.6496 0.9154, 0.3004 0.6496 0.7732, 0.3578 0.6496 0.7401, 0.3313 0.6496 0.7604, 0.3313 0.6496 0.9325, 0.3004 0.6496 0.9197, 0.976 0.5315 0.3346, 1.2082 0.5315 0.3346, 1.2082 0.4528 0.3346
            ]
        }
        coordIndex [
            0,1,2,-1,3,4,5,-1,5,4,6,-1,5,6,7,-1,7,6,8,-1,7,8,9,-1,9,8,10,-1,9,10,11,-1,11,10,12,-1,11,12,13,-1,13,12,14,-1,13,14,15,-1,15,14,16,-1,15,16,17,-1,17,16,18,-1,17,18,19,-1,19,18,20,-1,19,20,21,-1,21,20,22,-1,21,22,2,-1,2,22,23,-1,2,23,0,-1,24,25,26,-1,27,28,29,-1,30,27,31,-1,6,4,32,-1,32,4,30,-1,24,26,33,-1,33,26,34,-1,33,34,35,-1,6,32,8,-1,8,32,36,-1,8,36,10,-1,34,37,35,-1,35,37,38,-1,35,38,39,-1,10,36,12,-1,12,36,40,-1,12,40,14,-1,38,41,39,-1,39,41,42,-1,39,42,43,-1,44,18,40,-1,40,18,16,-1,40,16,14,-1,45,46,47,-1,47,46,43,-1,47,43,48,-1,48,43,42,-1,0,49,46,-1,46,49,50,-1,46,50,43,-1,43,50,51,-1,43,51,39,-1,39,51,52,-1,39,52,35,-1,35,52,53,-1,35,53,33,-1,33,53,54,-1,33,54,24,-1,0,55,49,-1,49,55,56,-1,49,56,50,-1,50,56,57,-1,50,57,51,-1,51,57,58,-1,51,58,52,-1,52,58,29,-1,52,29,53,-1,53,29,28,-1,53,28,54,-1,45,59,46,-1,46,59,0,-1,0,23,60,-1,60,23,22,-1,60,22,44,-1,44,22,20,-1,44,20,18,-1,30,31,32,-1,32,31,61,-1,32,61,36,-1,36,61,62,-1,36,62,40,-1,40,62,63,-1,40,63,44,-1,44,63,64,-1,44,64,60,-1,60,64,0,-1,27,29,31,-1,31,29,58,-1,31,58,61,-1,61,58,57,-1,61,57,62,-1,62,57,56,-1,62,56,63,-1,63,56,55,-1,63,55,64,-1,64,55,0,-1,65,3,5,-1,66,67,68,-1,69,66,70,-1,71,72,73,-1,73,72,69,-1,65,5,74,-1,74,5,7,-1,74,7,75,-1,71,73,76,-1,76,73,77,-1,76,77,78,-1,7,9,75,-1,75,9,11,-1,75,11,79,-1,78,77,80,-1,80,77,81,-1,80,81,82,-1,11,13,79,-1,79,13,15,-1,79,15,83,-1,84,85,81,-1,81,85,86,-1,81,86,82,-1,21,87,19,-1,19,87,83,-1,19,83,17,-1,17,83,15,-1,1,88,87,-1,87,88,89,-1,87,89,83,-1,83,89,90,-1,83,90,79,-1,79,90,91,-1,79,91,75,-1,75,91,92,-1,75,92,74,-1,74,92,93,-1,74,93,65,-1,1,94,88,-1,88,94,95,-1,88,95,89,-1,89,95,96,-1,89,96,90,-1,90,96,97,-1,90,97,91,-1,91,97,68,-1,91,68,92,-1,92,68,67,-1,92,67,93,-1,21,2,87,-1,87,2,1,-1,1,98,99,-1,99,98,100,-1,99,100,84,-1,84,100,101,-1,84,101,85,-1,69,70,73,-1,73,70,102,-1,73,102,77,-1,77,102,103,-1,77,103,81,-1,81,103,104,-1,81,104,84,-1,84,104,105,-1,84,105,99,-1,99,105,1,-1,66,68,70,-1,70,68,97,-1,70,97,102,-1,102,97,96,-1,102,96,103,-1,103,96,95,-1,103,95,104,-1,104,95,94,-1,104,94,105,-1,105,94,1,-1,47,106,45,-1,45,106,107,-1,45,107,59,-1,59,107,108,-1,59,108,0,-1,25,109,26,-1,26,109,110,-1,26,110,34,-1,34,110,111,-1,34,111,37,-1,37,111,112,-1,37,112,38,-1,38,112,113,-1,38,113,41,-1,41,113,114,-1,41,114,42,-1,42,114,115,-1,42,115,48,-1,48,115,116,-1,48,116,47,-1,47,116,117,-1,47,117,106,-1,118,72,71,-1,118,71,119,-1,119,71,76,-1,119,76,120,-1,120,76,78,-1,120,78,121,-1,121,78,80,-1,121,80,122,-1,122,80,82,-1,122,82,123,-1,123,82,86,-1,123,86,124,-1,124,86,85,-1,124,85,125,-1,125,85,101,-1,125,101,126,-1,126,101,127,-1,127,101,100,-1,127,100,128,-1,100,98,128,-1,128,98,1,-1,128,1,129,-1,130,131,132,-1,133,134,135,-1,136,133,137,-1,110,109,138,-1,138,109,136,-1,130,132,139,-1,139,132,140,-1,139,140,141,-1,110,138,111,-1,111,138,142,-1,111,142,112,-1,140,143,141,-1,141,143,144,-1,141,144,145,-1,112,142,113,-1,113,142,146,-1,113,146,114,-1,144,147,145,-1,145,147,148,-1,145,148,149,-1,150,116,146,-1,146,116,115,-1,146,115,114,-1,151,152,153,-1,153,152,149,-1,153,149,154,-1,154,149,148,-1,108,155,152,-1,152,155,156,-1,152,156,149,-1,149,156,157,-1,149,157,145,-1,145,157,158,-1,145,158,141,-1,141,158,159,-1,141,159,139,-1,139,159,160,-1,139,160,130,-1,108,161,155,-1,155,161,162,-1,155,162,156,-1,156,162,163,-1,156,163,157,-1,157,163,164,-1,157,164,158,-1,158,164,135,-1,158,135,159,-1,159,135,134,-1,159,134,160,-1,151,165,152,-1,152,165,108,-1,108,107,166,-1,166,107,106,-1,166,106,150,-1,150,106,117,-1,150,117,116,-1,136,137,138,-1,138,137,167,-1,138,167,142,-1,142,167,168,-1,142,168,146,-1,146,168,169,-1,146,169,150,-1,150,169,170,-1,150,170,166,-1,166,170,108,-1,133,135,137,-1,137,135,164,-1,137,164,167,-1,167,164,163,-1,167,163,168,-1,168,163,162,-1,168,162,169,-1,169,162,161,-1,169,161,170,-1,170,161,108,-1,171,118,119,-1,172,173,174,-1,175,172,176,-1,177,178,179,-1,179,178,175,-1,171,119,180,-1,180,119,120,-1,180,120,181,-1,177,179,182,-1,182,179,183,-1,182,183,184,-1,120,121,181,-1,181,121,122,-1,181,122,185,-1,184,183,186,-1,186,183,187,-1,186,187,188,-1,122,123,185,-1,185,123,124,-1,185,124,189,-1,190,191,187,-1,187,191,192,-1,187,192,188,-1,127,193,126,-1,126,193,189,-1,126,189,125,-1,125,189,124,-1,129,194,193,-1,193,194,195,-1,193,195,189,-1,189,195,196,-1,189,196,185,-1,185,196,197,-1,185,197,181,-1,181,197,198,-1,181,198,180,-1,180,198,199,-1,180,199,171,-1,129,200,194,-1,194,200,201,-1,194,201,195,-1,195,201,202,-1,195,202,196,-1,196,202,203,-1,196,203,197,-1,197,203,174,-1,197,174,198,-1,198,174,173,-1,198,173,199,-1,127,128,193,-1,193,128,129,-1,129,204,205,-1,205,204,206,-1,205,206,190,-1,190,206,207,-1,190,207,191,-1,175,176,179,-1,179,176,208,-1,179,208,183,-1,183,208,209,-1,183,209,187,-1,187,209,210,-1,187,210,190,-1,190,210,211,-1,190,211,205,-1,205,211,129,-1,172,174,176,-1,176,174,203,-1,176,203,208,-1,208,203,202,-1,208,202,209,-1,209,202,201,-1,209,201,210,-1,210,201,200,-1,210,200,211,-1,211,200,129,-1,129,108,165,-1,131,178,132,-1,132,178,177,-1,132,177,140,-1,140,177,182,-1,140,182,143,-1,143,182,184,-1,143,184,144,-1,144,184,186,-1,144,186,147,-1,147,186,188,-1,147,188,148,-1,148,188,192,-1,148,192,154,-1,154,192,191,-1,154,191,153,-1,153,191,207,-1,153,207,151,-1,151,207,206,-1,151,206,165,-1,165,206,204,-1,165,204,129,-1,212,213,214,-1,212,214,215,-1,215,214,216,-1,215,216,217,-1,217,216,218,-1,217,218,219,-1,213,212,220,-1,220,212,221,-1,220,221,222,-1,223,224,225,-1,225,224,226,-1,225,226,227,-1,227,226,228,-1,227,228,229,-1,229,228,222,-1,229,222,230,-1,230,222,221,-1,231,232,233,-1,233,232,234,-1,233,234,223,-1,223,234,235,-1,223,235,224,-1,236,237,238,-1,235,234,239,-1,240,241,242,-1,226,224,243,-1,244,245,246,-1,222,228,247,-1,248,249,250,-1,251,250,218,-1,252,253,218,-1,252,218,254,-1,216,254,218,-1,249,255,250,-1,250,255,218,-1,253,251,218,-1,214,213,256,-1,245,248,246,-1,246,248,250,-1,246,250,257,-1,257,250,251,-1,257,251,258,-1,258,251,253,-1,258,253,259,-1,259,253,252,-1,259,252,256,-1,256,252,254,-1,256,254,214,-1,214,254,216,-1,222,247,220,-1,241,244,242,-1,242,244,246,-1,242,246,260,-1,260,246,257,-1,260,257,261,-1,261,257,258,-1,261,258,262,-1,262,258,259,-1,262,259,247,-1,247,259,256,-1,247,256,220,-1,220,256,213,-1,237,240,238,-1,238,240,242,-1,238,242,263,-1,263,242,260,-1,263,260,264,-1,264,260,261,-1,264,261,265,-1,265,261,262,-1,265,262,243,-1,243,262,247,-1,243,247,226,-1,226,247,228,-1,266,236,267,-1,267,236,238,-1,267,238,268,-1,268,238,263,-1,268,263,269,-1,269,263,264,-1,269,264,270,-1,270,264,265,-1,270,265,239,-1,239,265,243,-1,239,243,235,-1,235,243,224,-1,271,266,272,-1,272,266,267,-1,272,267,273,-1,273,267,268,-1,273,268,274,-1,274,268,269,-1,274,269,275,-1,275,269,270,-1,275,270,276,-1,276,270,239,-1,276,239,232,-1,232,239,234,-1,223,225,277,-1,278,279,280,-1,227,229,281,-1,282,283,284,-1,230,221,285,-1,286,287,288,-1,212,215,289,-1,290,289,219,-1,291,292,219,-1,291,219,293,-1,294,293,219,-1,215,217,289,-1,289,217,219,-1,292,290,219,-1,295,296,297,-1,221,212,285,-1,285,212,289,-1,285,289,298,-1,298,289,290,-1,298,290,299,-1,299,290,292,-1,299,292,300,-1,300,292,291,-1,300,291,297,-1,297,291,293,-1,297,293,295,-1,295,293,294,-1,286,288,301,-1,229,230,281,-1,281,230,285,-1,281,285,302,-1,302,285,298,-1,302,298,303,-1,303,298,299,-1,303,299,304,-1,304,299,300,-1,304,300,288,-1,288,300,297,-1,288,297,301,-1,301,297,296,-1,225,227,277,-1,277,227,281,-1,277,281,305,-1,305,281,302,-1,305,302,306,-1,306,302,303,-1,306,303,307,-1,307,303,304,-1,307,304,284,-1,284,304,288,-1,284,288,282,-1,282,288,287,-1,233,223,308,-1,308,223,277,-1,308,277,309,-1,309,277,305,-1,309,305,310,-1,310,305,306,-1,310,306,311,-1,311,306,307,-1,311,307,280,-1,280,307,284,-1,280,284,278,-1,278,284,283,-1,231,233,312,-1,312,233,308,-1,312,308,313,-1,313,308,309,-1,313,309,314,-1,314,309,310,-1,314,310,315,-1,315,310,311,-1,315,311,316,-1,316,311,280,-1,316,280,317,-1,317,280,279,-1,218,255,318,-1,318,255,319,-1,319,255,320,-1,320,255,249,-1,320,249,321,-1,240,322,241,-1,241,322,323,-1,241,323,244,-1,244,323,324,-1,244,324,245,-1,245,324,321,-1,245,321,248,-1,248,321,249,-1,271,325,266,-1,266,325,326,-1,266,326,236,-1,236,326,327,-1,236,327,237,-1,237,327,328,-1,237,328,240,-1,240,328,329,-1,240,329,322,-1,330,317,331,-1,331,317,279,-1,331,279,332,-1,279,278,332,-1,332,278,283,-1,332,283,333,-1,333,283,282,-1,333,282,334,-1,334,282,335,-1,335,282,287,-1,335,287,336,-1,336,287,286,-1,336,286,337,-1,337,286,301,-1,337,301,338,-1,301,296,338,-1,338,296,295,-1,338,295,339,-1,339,295,294,-1,339,294,340,-1,340,294,219,-1,340,219,341,-1,342,343,344,-1,327,326,345,-1,346,347,348,-1,329,328,349,-1,350,351,352,-1,323,322,353,-1,354,355,356,-1,357,356,318,-1,358,359,318,-1,358,318,360,-1,319,360,318,-1,355,361,356,-1,356,361,318,-1,359,357,318,-1,320,321,362,-1,351,354,352,-1,352,354,356,-1,352,356,363,-1,363,356,357,-1,363,357,364,-1,364,357,359,-1,364,359,365,-1,365,359,358,-1,365,358,362,-1,362,358,360,-1,362,360,320,-1,320,360,319,-1,323,353,324,-1,347,350,348,-1,348,350,352,-1,348,352,366,-1,366,352,363,-1,366,363,367,-1,367,363,364,-1,367,364,368,-1,368,364,365,-1,368,365,353,-1,353,365,362,-1,353,362,324,-1,324,362,321,-1,343,346,344,-1,344,346,348,-1,344,348,369,-1,369,348,366,-1,369,366,370,-1,370,366,367,-1,370,367,371,-1,371,367,368,-1,371,368,349,-1,349,368,353,-1,349,353,329,-1,329,353,322,-1,372,342,373,-1,373,342,344,-1,373,344,374,-1,374,344,369,-1,374,369,375,-1,375,369,370,-1,375,370,376,-1,376,370,371,-1,376,371,345,-1,345,371,349,-1,345,349,327,-1,327,349,328,-1,377,372,378,-1,378,372,373,-1,378,373,379,-1,379,373,374,-1,379,374,380,-1,380,374,375,-1,380,375,381,-1,381,375,376,-1,381,376,382,-1,382,376,345,-1,382,345,325,-1,325,345,326,-1,332,333,383,-1,384,385,386,-1,334,335,387,-1,388,389,390,-1,336,337,391,-1,392,393,394,-1,338,339,395,-1,396,395,341,-1,397,398,341,-1,397,341,399,-1,400,399,341,-1,339,340,395,-1,395,340,341,-1,398,396,341,-1,401,402,403,-1,337,338,391,-1,391,338,395,-1,391,395,404,-1,404,395,396,-1,404,396,405,-1,405,396,398,-1,405,398,406,-1,406,398,397,-1,406,397,403,-1,403,397,399,-1,403,399,401,-1,401,399,400,-1,392,394,407,-1,335,336,387,-1,387,336,391,-1,387,391,408,-1,408,391,404,-1,408,404,409,-1,409,404,405,-1,409,405,410,-1,410,405,406,-1,410,406,394,-1,394,406,403,-1,394,403,407,-1,407,403,402,-1,333,334,383,-1,383,334,387,-1,383,387,411,-1,411,387,408,-1,411,408,412,-1,412,408,409,-1,412,409,413,-1,413,409,410,-1,413,410,390,-1,390,410,394,-1,390,394,388,-1,388,394,393,-1,331,332,414,-1,414,332,383,-1,414,383,415,-1,415,383,411,-1,415,411,416,-1,416,411,412,-1,416,412,417,-1,417,412,413,-1,417,413,386,-1,386,413,390,-1,386,390,384,-1,384,390,389,-1,330,331,418,-1,418,331,414,-1,418,414,419,-1,419,414,415,-1,419,415,420,-1,420,415,416,-1,420,416,421,-1,421,416,417,-1,421,417,422,-1,422,417,386,-1,422,386,423,-1,423,386,385,-1,354,402,401,-1,354,401,355,-1,355,401,400,-1,355,400,361,-1,361,400,341,-1,361,341,318,-1,402,354,407,-1,407,354,351,-1,407,351,392,-1,392,351,350,-1,392,350,393,-1,393,350,347,-1,393,347,388,-1,388,347,346,-1,388,346,389,-1,389,346,343,-1,389,343,384,-1,343,342,384,-1,384,342,372,-1,384,372,385,-1,385,372,377,-1,385,377,423,-1,424,425,426,-1,427,428,429,-1,430,431,432,-1,432,431,433,-1,432,433,434,-1,430,427,435,-1,435,427,429,-1,435,429,436,-1,436,429,437,-1,436,437,438,-1,438,437,439,-1,438,439,434,-1,434,439,440,-1,434,440,432,-1,441,442,443,-1,444,445,446,-1,446,445,447,-1,446,447,448,-1,449,450,443,-1,443,450,451,-1,443,451,441,-1,442,452,443,-1,443,452,453,-1,443,453,454,-1,454,453,455,-1,454,455,456,-1,457,458,459,-1,459,458,460,-1,459,460,446,-1,446,460,461,-1,446,461,444,-1,462,463,464,-1,464,463,465,-1,466,467,468,-1,468,467,464,-1,468,464,469,-1,469,464,465,-1,466,470,467,-1,467,470,471,-1,467,471,459,-1,459,471,472,-1,459,472,457,-1,424,426,473,-1,474,475,435,-1,430,435,431,-1,431,435,475,-1,431,475,476,-1,477,478,479,-1,479,478,480,-1,479,480,481,-1,477,482,483,-1,483,484,477,-1,477,484,485,-1,477,485,478,-1,478,485,486,-1,478,486,487,-1,487,486,488,-1,487,488,489,-1,489,490,487,-1,487,490,491,-1,487,491,492,-1,493,494,487,-1,487,494,495,-1,496,497,498,-1,498,497,499,-1,495,500,487,-1,487,500,499,-1,487,499,501,-1,501,499,497,-1,492,502,487,-1,487,502,503,-1,487,503,493,-1,504,505,506,-1,506,505,507,-1,508,509,436,-1,510,511,438,-1,438,511,512,-1,513,514,438,-1,438,514,515,-1,438,515,510,-1,509,516,436,-1,436,516,517,-1,436,517,518,-1,512,519,438,-1,438,519,520,-1,438,520,436,-1,436,520,521,-1,436,521,508,-1,522,523,524,-1,524,523,525,-1,524,525,526,-1,527,528,529,-1,530,531,532,-1,532,531,533,-1,532,533,534,-1,535,536,537,-1,536,538,537,-1,537,538,539,-1,537,539,532,-1,532,539,540,-1,532,540,530,-1,541,542,543,-1,543,542,544,-1,543,544,545,-1,528,546,529,-1,529,546,547,-1,529,547,548,-1,534,549,532,-1,532,549,550,-1,532,550,543,-1,543,550,551,-1,543,551,541,-1,548,552,529,-1,529,552,553,-1,529,553,537,-1,537,553,554,-1,537,554,535,-1,448,449,446,-1,446,449,443,-1,446,443,555,-1,555,443,556,-1,555,556,557,-1,557,556,524,-1,557,524,558,-1,558,524,526,-1,558,526,529,-1,529,526,543,-1,529,543,527,-1,527,543,545,-1,525,513,526,-1,526,513,438,-1,526,438,543,-1,543,438,434,-1,543,434,532,-1,532,434,433,-1,454,559,443,-1,443,559,560,-1,443,560,556,-1,556,560,561,-1,556,561,524,-1,524,561,479,-1,524,479,522,-1,522,479,481,-1,562,563,477,-1,562,564,563,-1,563,564,565,-1,563,565,561,-1,561,565,566,-1,561,566,479,-1,479,566,567,-1,479,567,477,-1,477,567,568,-1,477,568,562,-1,569,570,571,-1,571,570,565,-1,571,565,572,-1,572,565,564,-1,572,564,573,-1,573,564,574,-1,575,576,560,-1,560,576,577,-1,560,577,578,-1,579,580,563,-1,579,581,580,-1,580,581,582,-1,580,582,583,-1,583,584,580,-1,580,584,585,-1,580,585,586,-1,578,587,560,-1,560,587,588,-1,560,588,561,-1,561,588,589,-1,561,589,563,-1,563,589,590,-1,563,590,579,-1,586,591,580,-1,580,591,592,-1,580,592,560,-1,560,592,593,-1,560,593,575,-1,594,595,596,-1,596,595,597,-1,598,559,599,-1,599,559,600,-1,599,600,580,-1,598,596,559,-1,559,596,597,-1,559,597,560,-1,560,597,601,-1,560,601,580,-1,580,601,602,-1,580,602,599,-1,603,600,604,-1,604,600,559,-1,604,559,605,-1,605,559,454,-1,605,454,464,-1,464,454,456,-1,464,456,462,-1,518,506,436,-1,436,506,507,-1,436,507,435,-1,435,507,606,-1,435,606,474,-1,474,606,607,-1,603,473,600,-1,600,473,426,-1,600,426,580,-1,580,426,608,-1,580,608,563,-1,563,608,609,-1,563,609,477,-1,477,609,505,-1,477,505,482,-1,482,505,504,-1,610,475,611,-1,611,475,474,-1,610,612,475,-1,475,612,613,-1,475,613,614,-1,615,616,617,-1,617,616,618,-1,619,620,621,-1,621,620,617,-1,621,617,622,-1,622,617,618,-1,615,623,616,-1,616,623,624,-1,625,626,624,-1,624,626,627,-1,624,627,616,-1,625,628,626,-1,626,628,629,-1,626,629,630,-1,631,473,632,-1,632,473,633,-1,631,634,473,-1,473,634,635,-1,473,635,424,-1,636,637,622,-1,633,473,638,-1,638,473,603,-1,639,640,603,-1,637,641,622,-1,622,641,642,-1,622,642,621,-1,603,640,638,-1,638,640,643,-1,638,643,622,-1,622,643,644,-1,622,644,636,-1,603,645,639,-1,639,645,646,-1,639,646,647,-1,647,646,648,-1,649,650,651,-1,651,650,652,-1,653,654,655,-1,655,654,656,-1,655,656,657,-1,657,656,658,-1,657,658,659,-1,659,658,660,-1,659,660,661,-1,661,660,662,-1,661,662,663,-1,663,662,664,-1,663,664,649,-1,649,664,650,-1,665,537,532,-1,532,433,666,-1,666,433,431,-1,666,431,476,-1,532,666,665,-1,665,666,667,-1,665,667,668,-1,668,667,669,-1,668,669,670,-1,670,669,671,-1,670,671,672,-1,672,671,673,-1,672,673,674,-1,674,673,651,-1,674,651,652,-1,675,676,664,-1,677,678,679,-1,664,680,650,-1,650,680,681,-1,650,681,652,-1,652,681,674,-1,662,682,683,-1,675,664,684,-1,676,685,664,-1,664,685,686,-1,664,686,680,-1,687,688,689,-1,689,688,690,-1,689,690,677,-1,677,690,691,-1,677,691,678,-1,692,693,689,-1,662,683,664,-1,664,683,694,-1,664,694,684,-1,695,696,692,-1,681,665,668,-1,697,698,687,-1,699,700,701,-1,701,700,702,-1,703,704,705,-1,705,704,706,-1,705,706,707,-1,668,670,681,-1,681,670,672,-1,681,672,674,-1,693,708,689,-1,689,708,709,-1,689,709,687,-1,687,709,710,-1,687,710,697,-1,711,712,713,-1,713,712,654,-1,714,715,699,-1,699,715,716,-1,699,716,700,-1,703,717,704,-1,704,717,677,-1,704,677,699,-1,699,677,679,-1,699,679,714,-1,718,719,720,-1,721,722,723,-1,723,722,724,-1,689,725,726,-1,726,725,718,-1,726,718,727,-1,727,718,720,-1,689,726,692,-1,692,726,728,-1,692,728,729,-1,724,730,723,-1,723,730,731,-1,723,731,732,-1,733,734,735,-1,721,736,722,-1,722,736,737,-1,722,737,459,-1,459,737,738,-1,459,738,467,-1,467,738,739,-1,459,446,722,-1,722,446,555,-1,722,555,557,-1,729,740,692,-1,692,740,741,-1,692,741,695,-1,742,743,687,-1,732,744,723,-1,723,744,745,-1,723,745,735,-1,735,745,746,-1,735,746,733,-1,747,748,749,-1,557,558,722,-1,722,558,529,-1,722,529,681,-1,681,529,537,-1,681,537,665,-1,750,751,698,-1,698,751,752,-1,713,753,711,-1,711,753,747,-1,711,747,754,-1,754,747,749,-1,739,755,756,-1,757,758,759,-1,742,687,760,-1,743,761,687,-1,687,761,682,-1,687,682,712,-1,756,762,739,-1,739,762,763,-1,739,763,467,-1,757,759,764,-1,764,759,765,-1,764,765,766,-1,662,660,682,-1,682,660,658,-1,682,658,712,-1,712,658,656,-1,712,656,654,-1,766,767,764,-1,764,767,620,-1,764,620,619,-1,752,768,698,-1,698,768,769,-1,698,769,687,-1,687,769,770,-1,687,770,760,-1,734,771,735,-1,735,771,772,-1,735,772,773,-1,773,772,750,-1,773,750,619,-1,619,750,698,-1,619,698,764,-1,774,775,776,-1,777,778,779,-1,779,778,780,-1,779,780,781,-1,782,783,784,-1,784,783,785,-1,786,787,788,-1,774,776,789,-1,789,776,790,-1,789,790,791,-1,792,793,794,-1,795,796,786,-1,786,796,797,-1,786,797,787,-1,798,781,795,-1,795,781,780,-1,795,780,796,-1,796,780,799,-1,796,799,800,-1,800,801,796,-1,796,801,802,-1,796,802,803,-1,804,805,795,-1,795,805,806,-1,795,806,798,-1,807,783,808,-1,808,783,809,-1,783,810,811,-1,812,813,814,-1,609,608,815,-1,812,615,793,-1,793,615,617,-1,793,617,794,-1,779,816,777,-1,777,816,817,-1,777,817,782,-1,782,817,818,-1,782,818,783,-1,783,818,819,-1,783,819,820,-1,820,819,821,-1,807,822,783,-1,783,822,823,-1,783,823,824,-1,811,825,783,-1,783,825,826,-1,783,826,827,-1,827,828,783,-1,783,828,829,-1,783,829,785,-1,813,812,830,-1,830,812,831,-1,830,831,832,-1,615,833,623,-1,623,833,834,-1,623,834,835,-1,783,836,809,-1,809,836,607,-1,809,607,606,-1,815,837,609,-1,609,837,838,-1,609,838,505,-1,505,838,809,-1,505,809,507,-1,507,809,606,-1,794,839,792,-1,792,839,840,-1,792,840,803,-1,803,840,841,-1,803,841,796,-1,842,617,843,-1,843,617,844,-1,842,845,617,-1,617,845,846,-1,617,846,794,-1,847,848,849,-1,849,848,850,-1,788,848,786,-1,786,848,851,-1,786,851,852,-1,853,854,855,-1,856,857,828,-1,828,857,858,-1,828,858,829,-1,425,623,426,-1,426,623,835,-1,426,835,608,-1,608,835,859,-1,608,859,815,-1,847,860,848,-1,848,860,861,-1,848,861,851,-1,862,863,864,-1,804,795,865,-1,865,795,866,-1,865,866,867,-1,867,866,868,-1,867,868,869,-1,852,870,786,-1,786,870,862,-1,786,862,871,-1,871,862,864,-1,804,872,805,-1,805,872,873,-1,805,873,874,-1,874,873,875,-1,874,875,876,-1,876,875,877,-1,853,855,819,-1,819,855,878,-1,819,878,821,-1,791,879,789,-1,789,879,880,-1,789,880,881,-1,881,880,882,-1,881,882,883,-1,883,882,884,-1,883,884,885,-1,885,884,810,-1,885,810,886,-1,886,810,783,-1,886,783,887,-1,887,783,824,-1,814,888,812,-1,812,888,889,-1,812,889,615,-1,615,889,890,-1,615,890,891,-1,774,892,775,-1,775,892,893,-1,775,893,891,-1,891,893,894,-1,891,894,615,-1,615,894,895,-1,615,895,833,-1,832,896,830,-1,830,896,897,-1,830,897,898,-1,828,899,856,-1,856,899,900,-1,856,900,901,-1,901,900,898,-1,901,898,902,-1,902,898,897,-1,728,726,851,-1,851,726,852,-1,704,699,804,-1,804,699,872,-1,795,786,677,-1,677,786,689,-1,693,692,788,-1,788,692,848,-1,757,764,794,-1,794,764,839,-1,640,738,643,-1,643,738,737,-1,903,783,904,-1,904,783,820,-1,905,904,653,-1,653,904,820,-1,653,820,654,-1,654,820,713,-1,712,711,818,-1,818,711,819,-1,714,679,805,-1,805,679,806,-1,795,677,717,-1,795,717,866,-1,866,717,703,-1,866,703,868,-1,868,703,705,-1,868,705,869,-1,869,705,707,-1,869,707,867,-1,867,707,706,-1,867,706,865,-1,865,706,704,-1,865,704,804,-1,872,699,701,-1,872,701,873,-1,873,701,702,-1,873,702,875,-1,875,702,700,-1,875,700,877,-1,877,700,716,-1,877,716,876,-1,876,716,715,-1,876,715,874,-1,874,715,714,-1,874,714,805,-1,806,679,798,-1,798,679,678,-1,798,678,781,-1,781,678,691,-1,781,691,779,-1,779,691,690,-1,779,690,816,-1,816,690,688,-1,816,688,817,-1,817,688,687,-1,817,687,818,-1,818,687,712,-1,713,820,821,-1,713,821,753,-1,753,821,878,-1,753,878,747,-1,747,878,855,-1,747,855,748,-1,748,855,854,-1,748,854,749,-1,749,854,853,-1,749,853,754,-1,754,853,819,-1,754,819,711,-1,464,467,763,-1,603,604,645,-1,645,604,605,-1,645,605,464,-1,464,763,645,-1,645,763,762,-1,645,762,646,-1,646,762,756,-1,646,756,648,-1,648,756,755,-1,648,755,647,-1,647,755,739,-1,647,739,639,-1,639,739,738,-1,639,738,640,-1,643,737,644,-1,644,737,736,-1,644,736,636,-1,636,736,721,-1,636,721,637,-1,637,721,723,-1,637,723,641,-1,641,723,735,-1,641,735,642,-1,642,735,773,-1,642,773,621,-1,621,773,619,-1,757,794,846,-1,757,846,758,-1,758,846,845,-1,758,845,759,-1,759,845,842,-1,759,842,765,-1,765,842,843,-1,765,843,766,-1,766,843,844,-1,766,844,767,-1,767,844,617,-1,767,617,620,-1,839,764,840,-1,840,764,698,-1,840,698,841,-1,841,698,697,-1,841,697,796,-1,796,697,710,-1,796,710,797,-1,797,710,709,-1,797,709,787,-1,787,709,708,-1,787,708,788,-1,788,708,693,-1,728,851,861,-1,728,861,729,-1,729,861,860,-1,729,860,740,-1,740,860,847,-1,740,847,741,-1,741,847,849,-1,741,849,695,-1,695,849,850,-1,695,850,696,-1,696,850,848,-1,696,848,692,-1,689,786,871,-1,689,871,725,-1,725,871,864,-1,725,864,718,-1,718,864,863,-1,718,863,719,-1,719,863,862,-1,719,862,720,-1,720,862,870,-1,720,870,727,-1,727,870,852,-1,727,852,726,-1,
        ]
    }
}
Shape{
    appearance Appearance {
        material  Material {
            diffuseColor 0.17647058823529413 0.17647058823529413 0.17647058823529413
            specularColor 0.011764705882352941 0.011764705882352941 0.011764705882352941
            ambientIntensity 0.251
            transparency 0.0
            shininess 0.5
        }
    }
    geometry IndexedFaceSet {
        ccw TRUE
        solid FALSE
        coord DEF co Coordinate {
            point [
                0.8578 -0.2559 0.9213, 0.8564 -0.2559 0.9344, 0.8578 -0.6299 0.9213, 0.8561 -0.6299 0.9344, 0.8558 -0.6299 0.9365, 0.852 -0.2559 0.9469, 0.8516 -0.6299 0.9467, 0.8499 -0.6299 0.9508, 0.845 -0.2559 0.9581, 0.8446 -0.6299 0.9578, 0.8405 -0.6299 0.963, 0.8356 -0.2559 0.9674, 0.8353 -0.6299 0.967, 0.8283 -0.6299 0.9724, 0.8244 -0.2559 0.9745, 0.8243 -0.6299 0.9741, 0.8141 -0.6299 0.9783, 0.8119 -0.2559 0.9788, 0.8119 -0.6299 0.9786, 0.7988 -0.2559 0.9803, 0.7988 -0.6299 0.9803, -0.2642 -0.6299 0.9803, -0.2642 -0.2559 0.9803, -0.2773 -0.2559 0.9788, -0.2773 -0.6299 0.9786, -0.2795 -0.6299 0.9783, -0.2898 -0.2559 0.9745, -0.2897 -0.6299 0.9741, -0.2937 -0.6299 0.9724, -0.301 -0.2559 0.9674, -0.3007 -0.6299 0.967, -0.306 -0.6299 0.963, -0.3104 -0.2559 0.9581, -0.31 -0.6299 0.9578, -0.3153 -0.6299 0.9508, -0.3174 -0.2559 0.9469, -0.317 -0.6299 0.9467, -0.3212 -0.6299 0.9365, -0.3218 -0.2559 0.9344, -0.3215 -0.6299 0.9344, -0.3233 -0.2559 0.9213, -0.3233 -0.6299 0.9213, -0.3233 -0.6299 0.4488, -0.3233 -0.2559 0.4488, -0.3218 -0.2559 0.4357, -0.3215 -0.6299 0.4357, -0.3212 -0.6299 0.4335, -0.3174 -0.2559 0.4232, -0.317 -0.6299 0.4234, -0.3153 -0.6299 0.4193, -0.3104 -0.2559 0.412, -0.31 -0.6299 0.4123, -0.306 -0.6299 0.4071, -0.301 -0.2559 0.4026, -0.3007 -0.6299 0.403, -0.2937 -0.6299 0.3977, -0.2898 -0.2559 0.3956, -0.2897 -0.6299 0.396, -0.2795 -0.6299 0.3918, -0.2773 -0.2559 0.3912, -0.2773 -0.6299 0.3915, -0.2642 -0.2559 0.3898, -0.2642 -0.6299 0.3898, 0.7988 -0.6299 0.3898, 0.7988 -0.2559 0.3898, 0.8119 -0.2559 0.3912, 0.8119 -0.6299 0.3915, 0.8141 -0.6299 0.3918, 0.8244 -0.2559 0.3956, 0.8243 -0.6299 0.396, 0.8283 -0.6299 0.3977, 0.8356 -0.2559 0.4026, 0.8353 -0.6299 0.403, 0.8405 -0.6299 0.4071, 0.845 -0.2559 0.412, 0.8446 -0.6299 0.4123, 0.8499 -0.6299 0.4193, 0.852 -0.2559 0.4232, 0.8516 -0.6299 0.4234, 0.8558 -0.6299 0.4335, 0.8564 -0.2559 0.4357, 0.8561 -0.6299 0.4357, 0.8578 -0.2559 0.4488, 0.8578 -0.6299 0.4488, 0.7594 -0.7283 0.8819, -0.2248 -0.7283 0.8819, 0.7594 -0.7283 0.4882, -0.2248 -0.7283 0.4882
            ]
        }
        coordIndex [
            0,1,2,-1,2,1,3,-1,3,1,4,-1,4,1,5,-1,4,5,6,-1,6,5,7,-1,7,5,8,-1,7,8,9,-1,9,8,10,-1,10,8,11,-1,10,11,12,-1,12,11,13,-1,13,11,14,-1,13,14,15,-1,15,14,16,-1,16,14,17,-1,16,17,18,-1,18,17,19,-1,18,19,20,-1,20,19,21,-1,21,19,22,-1,22,23,21,-1,21,23,24,-1,24,23,25,-1,25,23,26,-1,25,26,27,-1,27,26,28,-1,28,26,29,-1,28,29,30,-1,30,29,31,-1,31,29,32,-1,31,32,33,-1,33,32,34,-1,34,32,35,-1,34,35,36,-1,36,35,37,-1,37,35,38,-1,37,38,39,-1,39,38,40,-1,39,40,41,-1,41,40,42,-1,42,40,43,-1,43,44,42,-1,42,44,45,-1,45,44,46,-1,46,44,47,-1,46,47,48,-1,48,47,49,-1,49,47,50,-1,49,50,51,-1,51,50,52,-1,52,50,53,-1,52,53,54,-1,54,53,55,-1,55,53,56,-1,55,56,57,-1,57,56,58,-1,58,56,59,-1,58,59,60,-1,60,59,61,-1,60,61,62,-1,62,61,63,-1,63,61,64,-1,64,65,63,-1,63,65,66,-1,66,65,67,-1,67,65,68,-1,67,68,69,-1,69,68,70,-1,70,68,71,-1,70,71,72,-1,72,71,73,-1,73,71,74,-1,73,74,75,-1,75,74,76,-1,76,74,77,-1,76,77,78,-1,78,77,79,-1,79,77,80,-1,79,80,81,-1,81,80,82,-1,81,82,83,-1,83,82,2,-1,2,82,0,-1,84,85,86,-1,86,85,87,-1,
        ]
    }
}
Shape{
    appearance Appearance {
        material  Material {
            diffuseColor 0.8431372549019608 0.8156862745098039 0.7529411764705882
            specularColor 0.25098039215686274 0.24313725490196078 0.22745098039215686
            ambientIntensity 0.8167
            transparency 0.0
            shininess 0.5
        }
    }
    geometry IndexedFaceSet {
        ccw TRUE
        solid FALSE
        coord DEF co Coordinate {
            point [
                0.8765 -0.0419 -0.2165, 0.8775 -0.0236 -0.0197, 0.8722 -0.0643 -0.0197, 0.8564 -0.1023 -0.0197, 0.868 -0.0774 -0.2165, 0.8712 -0.0641 -0.2165, 0.8314 -0.1349 -0.0197, 0.8516 -0.1101 -0.2165, 0.8557 -0.102 -0.2165, 0.7988 -0.16 -0.0197, 0.8281 -0.1381 -0.2165, 0.831 -0.1346 -0.2165, 0.7608 -0.1757 -0.0197, 0.7652 -0.1744 -0.2165, 0.7988 -0.16 -0.2165, 0.72 -0.1811 -0.0197, 0.7292 -0.1808 -0.2165, 0.7607 -0.1752 -0.2165, 0.6793 -0.1757 -0.0197, 0.6927 -0.1787 -0.2165, 0.7201 -0.1803 -0.2165, 0.6413 -0.16 -0.0197, 0.6577 -0.1682 -0.2165, 0.6796 -0.1747 -0.2165, 0.6087 -0.1349 -0.0197, 0.626 -0.1499 -0.2165, 0.6418 -0.159 -0.2165, 0.5837 -0.1023 -0.0197, 0.5994 -0.1248 -0.2165, 0.6094 -0.1342 -0.2165, 0.5679 -0.0643 -0.0197, 0.5793 -0.0943 -0.2165, 0.5843 -0.1019 -0.2165, 0.5626 -0.0236 -0.0197, 0.5668 -0.0599 -0.2165, 0.5684 -0.0642 -0.2165, 0.5679 0.0172 -0.0197, 0.5668 0.0127 -0.2165, 0.5626 -0.0236 -0.2165, 0.5837 0.0552 -0.0197, 0.5793 0.0471 -0.2165, 0.5684 0.017 -0.2165, 0.6087 0.0878 -0.0197, 0.5994 0.0776 -0.2165, 0.5843 0.0547 -0.2165, 0.6413 0.1128 -0.0197, 0.626 0.1027 -0.2165, 0.6094 0.087 -0.2165, 0.6793 0.1285 -0.0197, 0.6577 0.121 -0.2165, 0.6418 0.1119 -0.2165, 0.72 0.1339 -0.0197, 0.6927 0.1315 -0.2165, 0.6796 0.1276 -0.2165, 0.7608 0.1285 -0.0197, 0.7292 0.1336 -0.2165, 0.7201 0.1331 -0.2165, 0.7988 0.1128 -0.0197, 0.7652 0.1273 -0.2165, 0.7607 0.1281 -0.2165, 0.8314 0.0878 -0.0197, 0.8281 0.091 -0.2165, 0.7988 0.1128 -0.2165, 0.8564 0.0552 -0.0197, 0.8516 0.063 -0.2165, 0.831 0.0875 -0.2165, 0.8722 0.0172 -0.0197, 0.868 0.0303 -0.2165, 0.8557 0.0548 -0.2165, 0.8765 -0.0236 -0.2165, 0.8765 -0.0053 -0.2165, 0.8712 0.0169 -0.2165, 0.6673 -0.0501 -0.315, 0.6626 -0.0372 -0.315, 0.72 -0.0236 -0.315, 0.661 -0.0236 -0.315, 0.6626 -0.01 -0.315, 0.6967 -0.0778 -0.315, 0.6848 -0.071 -0.315, 0.6748 -0.0615 -0.315, 0.737 -0.0802 -0.315, 0.7235 -0.0825 -0.315, 0.7098 -0.0817 -0.315, 0.7694 -0.056 -0.315, 0.7606 -0.0665 -0.315, 0.7496 -0.0747 -0.315, 0.7787 -0.0167 -0.315, 0.7787 -0.0304 -0.315, 0.7755 -0.0438 -0.315, 0.7606 0.0194 -0.315, 0.7694 0.0089 -0.315, 0.7755 -0.0034 -0.315, 0.7235 0.0354 -0.315, 0.737 0.033 -0.315, 0.7496 0.0276 -0.315, 0.6848 0.0238 -0.315, 0.6967 0.0306 -0.315, 0.7098 0.0346 -0.315, 0.6673 0.0029 -0.315, 0.6748 0.0144 -0.315, -0.0291 -0.0419 -0.2165, -0.028 -0.0236 -0.0197, -0.0334 -0.0643 -0.0197, -0.0491 -0.1023 -0.0197, -0.0375 -0.0774 -0.2165, -0.0343 -0.0641 -0.2165, -0.0741 -0.1349 -0.0197, -0.0539 -0.1101 -0.2165, -0.0498 -0.102 -0.2165, -0.1067 -0.16 -0.0197, -0.0774 -0.1381 -0.2165, -0.0745 -0.1346 -0.2165, -0.1447 -0.1757 -0.0197, -0.1403 -0.1744 -0.2165, -0.1067 -0.16 -0.2165, -0.1855 -0.1811 -0.0197, -0.1763 -0.1808 -0.2165, -0.1448 -0.1752 -0.2165, -0.2262 -0.1757 -0.0197, -0.2128 -0.1787 -0.2165, -0.1854 -0.1803 -0.2165, -0.2968 -0.1349 -0.0197, -0.2795 -0.1499 -0.2165, -0.2642 -0.16 -0.0197, -0.2637 -0.159 -0.2165, -0.2431 -0.1687 -0.0197, -0.2478 -0.1682 -0.2165, -0.2259 -0.1747 -0.2165, -0.3218 -0.1023 -0.0197, -0.3061 -0.1248 -0.2165, -0.2961 -0.1342 -0.2165, -0.3376 -0.0643 -0.0197, -0.3262 -0.0943 -0.2165, -0.3212 -0.1019 -0.2165, -0.3429 -0.0236 -0.0197, -0.3387 -0.0599 -0.2165, -0.3371 -0.0642 -0.2165, -0.3376 0.0172 -0.0197, -0.3387 0.0127 -0.2165, -0.3429 -0.0236 -0.2165, -0.3218 0.0552 -0.0197, -0.3262 0.0471 -0.2165, -0.3371 0.017 -0.2165, -0.2968 0.0878 -0.0197, -0.3061 0.0776 -0.2165, -0.3212 0.0547 -0.2165, -0.2642 0.1128 -0.0197, -0.2795 0.1027 -0.2165, -0.2961 0.087 -0.2165, -0.1855 0.1339 -0.0197, -0.2128 0.1315 -0.2165, -0.2262 0.1285 -0.0197, -0.2259 0.1276 -0.2165, -0.2431 0.1216 -0.0197, -0.2478 0.121 -0.2165, -0.2637 0.1119 -0.2165, -0.1447 0.1285 -0.0197, -0.1763 0.1336 -0.2165, -0.1854 0.1331 -0.2165, -0.1067 0.1128 -0.0197, -0.1403 0.1273 -0.2165, -0.1448 0.1281 -0.2165, -0.0741 0.0878 -0.0197, -0.0774 0.091 -0.2165, -0.1067 0.1128 -0.2165, -0.0491 0.0552 -0.0197, -0.0539 0.063 -0.2165, -0.0745 0.0875 -0.2165, -0.0334 0.0172 -0.0197, -0.0375 0.0303 -0.2165, -0.0498 0.0548 -0.2165, -0.0291 -0.0236 -0.2165, -0.0291 -0.0053 -0.2165, -0.0343 0.0169 -0.2165, -0.2382 -0.0501 -0.315, -0.2429 -0.0372 -0.315, -0.1855 -0.0236 -0.315, -0.2445 -0.0236 -0.315, -0.2429 -0.01 -0.315, -0.2089 -0.0778 -0.315, -0.2207 -0.071 -0.315, -0.2307 -0.0615 -0.315, -0.1685 -0.0802 -0.315, -0.182 -0.0825 -0.315, -0.1957 -0.0817 -0.315, -0.1361 -0.056 -0.315, -0.1449 -0.0665 -0.315, -0.1559 -0.0747 -0.315, -0.1268 -0.0167 -0.315, -0.1268 -0.0304 -0.315, -0.13 -0.0438 -0.315, -0.1449 0.0194 -0.315, -0.1361 0.0089 -0.315, -0.13 -0.0034 -0.315, -0.182 0.0354 -0.315, -0.1685 0.033 -0.315, -0.1559 0.0276 -0.315, -0.2207 0.0238 -0.315, -0.2089 0.0306 -0.315, -0.1957 0.0346 -0.315, -0.2382 0.0029 -0.315, -0.2307 0.0144 -0.315, 0.5823 0.0456 -0.242, 0.602 0.0755 -0.242, 0.628 0.1 -0.242, 0.6933 0.1282 -0.242, 0.729 0.1303 -0.242, 0.7643 0.1241 -0.242, 0.8488 0.0611 -0.242, 0.8649 0.0291 -0.242, 0.8731 -0.0057 -0.242, 0.8649 -0.0763 -0.242, 0.8488 -0.1083 -0.242, 0.8258 -0.1357 -0.242, 0.729 -0.1774 -0.242, 0.6933 -0.1754 -0.242, 0.659 -0.1651 -0.242, 0.602 -0.1227 -0.242, 0.5823 -0.0928 -0.242, 0.5701 -0.0591 -0.242, 0.6696 -0.0914 -0.3116, 0.6866 -0.1012 -0.3116, 0.6554 -0.1104 -0.3018, 0.6772 -0.123 -0.3018, 0.6432 -0.1268 -0.2861, 0.6691 -0.1417 -0.2861, 0.6339 -0.1393 -0.2657, 0.6629 -0.1561 -0.2657, 0.628 -0.1472 -0.242, 0.804 -0.0334 -0.3116, 0.804 -0.0138 -0.3116, 0.8276 -0.0362 -0.3018, 0.8276 -0.011 -0.3018, 0.8478 -0.0385 -0.2861, 0.8478 -0.0086 -0.2861, 0.8634 -0.0403 -0.2657, 0.8634 -0.0068 -0.2657, 0.8731 -0.0415 -0.242, 0.6866 0.054 -0.3116, 0.6696 0.0442 -0.3116, 0.6772 0.0758 -0.3018, 0.6554 0.0633 -0.3018, 0.6691 0.0945 -0.2861, 0.6432 0.0796 -0.2861, 0.6629 0.1089 -0.2657, 0.6339 0.0922 -0.2657, 0.659 0.1179 -0.242, 0.6355 -0.0236 -0.3116, 0.6378 -0.0431 -0.3116, 0.6118 -0.0236 -0.3018, 0.6147 -0.0486 -0.3018, 0.5914 -0.0236 -0.2861, 0.5949 -0.0533 -0.2861, 0.5758 -0.0236 -0.2657, 0.5796 -0.0569 -0.2657, 0.5659 -0.0236 -0.242, 0.5911 -0.0883 -0.2657, 0.6051 -0.0813 -0.2861, 0.6233 -0.0722 -0.3018, 0.6445 -0.0615 -0.3116, 0.6095 -0.1163 -0.2657, 0.6215 -0.1063 -0.2861, 0.6371 -0.0932 -0.3018, 0.6553 -0.0779 -0.3116, 0.695 -0.1657 -0.2657, 0.6977 -0.1503 -0.2861, 0.7012 -0.1302 -0.3018, 0.7054 -0.1068 -0.3116, 0.7284 -0.1676 -0.2657, 0.7275 -0.152 -0.2861, 0.7263 -0.1317 -0.3018, 0.725 -0.108 -0.3116, 0.7643 -0.1712 -0.242, 0.7614 -0.1618 -0.2657, 0.7569 -0.1468 -0.2861, 0.7511 -0.1273 -0.3018, 0.7443 -0.1046 -0.3116, 0.7623 -0.0968 -0.3116, 0.7742 -0.1173 -0.3018, 0.7844 -0.135 -0.2861, 0.7922 -0.1485 -0.2657, 0.7971 -0.1571 -0.242, 0.7781 -0.0851 -0.3116, 0.7943 -0.1023 -0.3018, 0.8083 -0.1172 -0.2861, 0.8191 -0.1285 -0.2657, 0.8406 -0.1029 -0.2657, 0.8275 -0.0943 -0.2861, 0.8105 -0.0831 -0.3018, 0.7907 -0.07 -0.3116, 0.8556 -0.0729 -0.2657, 0.8409 -0.0676 -0.2861, 0.8218 -0.0606 -0.3018, 0.7995 -0.0525 -0.3116, 0.8556 0.0258 -0.2657, 0.8409 0.0204 -0.2861, 0.8218 0.0134 -0.3018, 0.7995 0.0053 -0.3116, 0.8406 0.0557 -0.2657, 0.8275 0.0471 -0.2861, 0.8105 0.0359 -0.3018, 0.7907 0.0229 -0.3116, 0.8258 0.0885 -0.242, 0.8191 0.0814 -0.2657, 0.8083 0.07 -0.2861, 0.7943 0.0552 -0.3018, 0.7781 0.0379 -0.3116, 0.7623 0.0496 -0.3116, 0.7742 0.0702 -0.3018, 0.7844 0.0878 -0.2861, 0.7922 0.1014 -0.2657, 0.7971 0.1099 -0.242, 0.7443 0.0574 -0.3116, 0.7511 0.0801 -0.3018, 0.7569 0.0997 -0.2861, 0.7614 0.1146 -0.2657, 0.7284 0.1205 -0.2657, 0.7275 0.1049 -0.2861, 0.7263 0.0845 -0.3018, 0.725 0.0608 -0.3116, 0.695 0.1185 -0.2657, 0.6977 0.1031 -0.2861, 0.7012 0.083 -0.3018, 0.7054 0.0597 -0.3116, 0.6095 0.0692 -0.2657, 0.6215 0.0591 -0.2861, 0.6371 0.046 -0.3018, 0.6553 0.0308 -0.3116, 0.5911 0.0412 -0.2657, 0.6051 0.0342 -0.2861, 0.6233 0.025 -0.3018, 0.6445 0.0144 -0.3116, 0.5701 0.012 -0.242, 0.5796 0.0097 -0.2657, 0.5949 0.0061 -0.2861, 0.6147 0.0014 -0.3018, 0.6378 -0.0041 -0.3116, -0.3232 0.0456 -0.242, -0.3035 0.0755 -0.242, -0.2775 0.1 -0.242, -0.2122 0.1282 -0.242, -0.1765 0.1303 -0.242, -0.1413 0.1241 -0.242, -0.0567 0.0611 -0.242, -0.0406 0.0291 -0.242, -0.0324 -0.0057 -0.242, -0.0406 -0.0763 -0.242, -0.0567 -0.1083 -0.242, -0.0797 -0.1357 -0.242, -0.1765 -0.1774 -0.242, -0.2122 -0.1754 -0.242, -0.2465 -0.1651 -0.242, -0.3035 -0.1227 -0.242, -0.3232 -0.0928 -0.242, -0.3354 -0.0591 -0.242, -0.2359 -0.0914 -0.3116, -0.2189 -0.1012 -0.3116, -0.2501 -0.1104 -0.3018, -0.2283 -0.123 -0.3018, -0.2623 -0.1268 -0.2861, -0.2364 -0.1417 -0.2861, -0.2716 -0.1393 -0.2657, -0.2426 -0.1561 -0.2657, -0.2775 -0.1472 -0.242, -0.1015 -0.0334 -0.3116, -0.1015 -0.0138 -0.3116, -0.0779 -0.0362 -0.3018, -0.0779 -0.011 -0.3018, -0.0577 -0.0385 -0.2861, -0.0577 -0.0086 -0.2861, -0.0421 -0.0403 -0.2657, -0.0421 -0.0068 -0.2657, -0.0324 -0.0415 -0.242, -0.2189 0.054 -0.3116, -0.2359 0.0442 -0.3116, -0.2283 0.0758 -0.3018, -0.2501 0.0633 -0.3018, -0.2364 0.0945 -0.2861, -0.2623 0.0796 -0.2861, -0.2426 0.1089 -0.2657, -0.2716 0.0922 -0.2657, -0.2465 0.1179 -0.242, -0.27 -0.0236 -0.3116, -0.2677 -0.0431 -0.3116, -0.2937 -0.0236 -0.3018, -0.2908 -0.0486 -0.3018, -0.3141 -0.0236 -0.2861, -0.3106 -0.0533 -0.2861, -0.3298 -0.0236 -0.2657, -0.3259 -0.0569 -0.2657, -0.3396 -0.0236 -0.242, -0.3144 -0.0883 -0.2657, -0.3004 -0.0813 -0.2861, -0.2822 -0.0722 -0.3018, -0.261 -0.0615 -0.3116, -0.296 -0.1163 -0.2657, -0.284 -0.1063 -0.2861, -0.2684 -0.0932 -0.3018, -0.2502 -0.0779 -0.3116, -0.2105 -0.1657 -0.2657, -0.2078 -0.1503 -0.2861, -0.2043 -0.1302 -0.3018, -0.2001 -0.1068 -0.3116, -0.1771 -0.1676 -0.2657, -0.178 -0.152 -0.2861, -0.1792 -0.1317 -0.3018, -0.1806 -0.108 -0.3116, -0.1413 -0.1712 -0.242, -0.1441 -0.1618 -0.2657, -0.1486 -0.1468 -0.2861, -0.1544 -0.1273 -0.3018, -0.1612 -0.1046 -0.3116, -0.1432 -0.0968 -0.3116, -0.1313 -0.1173 -0.3018, -0.1211 -0.135 -0.2861, -0.1133 -0.1485 -0.2657, -0.1084 -0.1571 -0.242, -0.1275 -0.0851 -0.3116, -0.1112 -0.1023 -0.3018, -0.0972 -0.1172 -0.2861, -0.0864 -0.1285 -0.2657, -0.0649 -0.1029 -0.2657, -0.078 -0.0943 -0.2861, -0.095 -0.0831 -0.3018, -0.1148 -0.07 -0.3116, -0.0499 -0.0729 -0.2657, -0.0646 -0.0676 -0.2861, -0.0837 -0.0606 -0.3018, -0.106 -0.0525 -0.3116, -0.0499 0.0258 -0.2657, -0.0646 0.0204 -0.2861, -0.0837 0.0134 -0.3018, -0.106 0.0053 -0.3116, -0.0649 0.0557 -0.2657, -0.078 0.0471 -0.2861, -0.095 0.0359 -0.3018, -0.1148 0.0229 -0.3116, -0.0797 0.0885 -0.242, -0.0864 0.0814 -0.2657, -0.0972 0.07 -0.2861, -0.1112 0.0552 -0.3018, -0.1275 0.0379 -0.3116, -0.1432 0.0496 -0.3116, -0.1313 0.0702 -0.3018, -0.1211 0.0878 -0.2861, -0.1133 0.1014 -0.2657, -0.1084 0.1099 -0.242, -0.1612 0.0574 -0.3116, -0.1544 0.0801 -0.3018, -0.1486 0.0997 -0.2861, -0.1441 0.1146 -0.2657, -0.1771 0.1205 -0.2657, -0.178 0.1049 -0.2861, -0.1792 0.0845 -0.3018, -0.1806 0.0608 -0.3116, -0.2105 0.1185 -0.2657, -0.2078 0.1031 -0.2861, -0.2043 0.083 -0.3018, -0.2001 0.0597 -0.3116, -0.296 0.0692 -0.2657, -0.284 0.0591 -0.2861, -0.2684 0.046 -0.3018, -0.2502 0.0308 -0.3116, -0.3144 0.0412 -0.2657, -0.3004 0.0342 -0.2861, -0.2822 0.025 -0.3018, -0.261 0.0144 -0.3116, -0.3354 0.012 -0.242, -0.3259 0.0097 -0.2657, -0.3106 0.0061 -0.2861, -0.2908 0.0014 -0.3018, -0.2677 -0.0041 -0.3116
            ]
        }
        coordIndex [
            0,1,2,-1,3,4,2,-1,2,4,5,-1,2,5,0,-1,6,7,3,-1,3,7,8,-1,3,8,4,-1,9,10,6,-1,6,10,11,-1,6,11,7,-1,12,13,9,-1,9,13,14,-1,9,14,10,-1,15,16,12,-1,12,16,17,-1,12,17,13,-1,18,19,15,-1,15,19,20,-1,15,20,16,-1,21,22,18,-1,18,22,23,-1,18,23,19,-1,24,25,21,-1,21,25,26,-1,21,26,22,-1,27,28,24,-1,24,28,29,-1,24,29,25,-1,30,31,27,-1,27,31,32,-1,27,32,28,-1,33,34,30,-1,30,34,35,-1,30,35,31,-1,36,37,33,-1,33,37,38,-1,33,38,34,-1,39,40,36,-1,36,40,41,-1,36,41,37,-1,42,43,39,-1,39,43,44,-1,39,44,40,-1,45,46,42,-1,42,46,47,-1,42,47,43,-1,48,49,45,-1,45,49,50,-1,45,50,46,-1,51,52,48,-1,48,52,53,-1,48,53,49,-1,54,55,51,-1,51,55,56,-1,51,56,52,-1,57,58,54,-1,54,58,59,-1,54,59,55,-1,60,61,57,-1,57,61,62,-1,57,62,58,-1,63,64,60,-1,60,64,65,-1,60,65,61,-1,66,67,63,-1,63,67,68,-1,63,68,64,-1,0,69,1,-1,1,69,70,-1,1,70,66,-1,66,70,71,-1,66,71,67,-1,72,73,74,-1,74,73,75,-1,74,75,76,-1,77,78,74,-1,74,78,79,-1,74,79,72,-1,80,81,74,-1,74,81,82,-1,74,82,77,-1,83,84,74,-1,74,84,85,-1,74,85,80,-1,86,87,74,-1,74,87,88,-1,74,88,83,-1,89,90,74,-1,74,90,91,-1,74,91,86,-1,92,93,74,-1,74,93,94,-1,74,94,89,-1,95,96,74,-1,74,96,97,-1,74,97,92,-1,76,98,74,-1,74,98,99,-1,74,99,95,-1,100,101,102,-1,103,104,102,-1,102,104,105,-1,102,105,100,-1,106,107,103,-1,103,107,108,-1,103,108,104,-1,109,110,106,-1,106,110,111,-1,106,111,107,-1,112,113,109,-1,109,113,114,-1,109,114,110,-1,115,116,112,-1,112,116,117,-1,112,117,113,-1,118,119,115,-1,115,119,120,-1,115,120,116,-1,121,122,123,-1,123,122,124,-1,123,124,125,-1,125,124,126,-1,125,126,118,-1,118,126,127,-1,118,127,119,-1,128,129,121,-1,121,129,130,-1,121,130,122,-1,131,132,128,-1,128,132,133,-1,128,133,129,-1,134,135,131,-1,131,135,136,-1,131,136,132,-1,137,138,134,-1,134,138,139,-1,134,139,135,-1,140,141,137,-1,137,141,142,-1,137,142,138,-1,143,144,140,-1,140,144,145,-1,140,145,141,-1,146,147,143,-1,143,147,148,-1,143,148,144,-1,149,150,151,-1,151,150,152,-1,151,152,153,-1,153,152,154,-1,153,154,146,-1,146,154,155,-1,146,155,147,-1,156,157,149,-1,149,157,158,-1,149,158,150,-1,159,160,156,-1,156,160,161,-1,156,161,157,-1,162,163,159,-1,159,163,164,-1,159,164,160,-1,165,166,162,-1,162,166,167,-1,162,167,163,-1,168,169,165,-1,165,169,170,-1,165,170,166,-1,100,171,101,-1,101,171,172,-1,101,172,168,-1,168,172,173,-1,168,173,169,-1,174,175,176,-1,176,175,177,-1,176,177,178,-1,179,180,176,-1,176,180,181,-1,176,181,174,-1,182,183,176,-1,176,183,184,-1,176,184,179,-1,185,186,176,-1,176,186,187,-1,176,187,182,-1,188,189,176,-1,176,189,190,-1,176,190,185,-1,191,192,176,-1,176,192,193,-1,176,193,188,-1,194,195,176,-1,176,195,196,-1,176,196,191,-1,197,198,176,-1,176,198,199,-1,176,199,194,-1,178,200,176,-1,176,200,201,-1,176,201,197,-1,41,40,202,-1,44,43,203,-1,47,46,204,-1,53,52,205,-1,56,55,206,-1,59,58,207,-1,65,64,208,-1,68,67,209,-1,71,70,210,-1,5,4,211,-1,8,7,212,-1,11,10,213,-1,17,16,214,-1,20,19,215,-1,23,22,216,-1,29,28,217,-1,32,31,218,-1,35,34,219,-1,78,77,220,-1,220,77,221,-1,220,221,222,-1,222,221,223,-1,222,223,224,-1,224,223,225,-1,224,225,226,-1,226,225,227,-1,226,227,228,-1,228,227,216,-1,87,86,229,-1,229,86,230,-1,229,230,231,-1,231,230,232,-1,231,232,233,-1,233,232,234,-1,233,234,235,-1,235,234,236,-1,235,236,237,-1,237,236,210,-1,96,95,238,-1,238,95,239,-1,238,239,240,-1,240,239,241,-1,240,241,242,-1,242,241,243,-1,242,243,244,-1,244,243,245,-1,244,245,246,-1,246,245,204,-1,75,73,247,-1,247,73,248,-1,247,248,249,-1,249,248,250,-1,249,250,251,-1,251,250,252,-1,251,252,253,-1,253,252,254,-1,253,254,255,-1,255,254,219,-1,255,219,38,-1,38,219,34,-1,31,35,218,-1,218,35,219,-1,218,219,256,-1,256,219,254,-1,256,254,257,-1,257,254,252,-1,257,252,258,-1,258,252,250,-1,258,250,259,-1,259,250,248,-1,259,248,72,-1,72,248,73,-1,28,32,217,-1,217,32,218,-1,217,218,260,-1,260,218,256,-1,260,256,261,-1,261,256,257,-1,261,257,262,-1,262,257,258,-1,262,258,263,-1,263,258,259,-1,263,259,79,-1,79,259,72,-1,25,29,228,-1,228,29,217,-1,228,217,226,-1,226,217,260,-1,226,260,224,-1,224,260,261,-1,224,261,222,-1,222,261,262,-1,222,262,220,-1,220,262,263,-1,220,263,78,-1,78,263,79,-1,216,22,228,-1,228,22,26,-1,228,26,25,-1,19,23,215,-1,215,23,216,-1,215,216,264,-1,264,216,227,-1,264,227,265,-1,265,227,225,-1,265,225,266,-1,266,225,223,-1,266,223,267,-1,267,223,221,-1,267,221,82,-1,82,221,77,-1,16,20,214,-1,214,20,215,-1,214,215,268,-1,268,215,264,-1,268,264,269,-1,269,264,265,-1,269,265,270,-1,270,265,266,-1,270,266,271,-1,271,266,267,-1,271,267,81,-1,81,267,82,-1,13,17,272,-1,272,17,214,-1,272,214,273,-1,273,214,268,-1,273,268,274,-1,274,268,269,-1,274,269,275,-1,275,269,270,-1,275,270,276,-1,276,270,271,-1,276,271,80,-1,80,271,81,-1,80,85,276,-1,276,85,277,-1,276,277,275,-1,275,277,278,-1,275,278,274,-1,274,278,279,-1,274,279,273,-1,273,279,280,-1,273,280,272,-1,272,280,281,-1,272,281,13,-1,13,281,14,-1,85,84,277,-1,277,84,282,-1,277,282,278,-1,278,282,283,-1,278,283,279,-1,279,283,284,-1,279,284,280,-1,280,284,285,-1,280,285,281,-1,281,285,213,-1,281,213,14,-1,14,213,10,-1,7,11,212,-1,212,11,213,-1,212,213,286,-1,286,213,285,-1,286,285,287,-1,287,285,284,-1,287,284,288,-1,288,284,283,-1,288,283,289,-1,289,283,282,-1,289,282,83,-1,83,282,84,-1,4,8,211,-1,211,8,212,-1,211,212,290,-1,290,212,286,-1,290,286,291,-1,291,286,287,-1,291,287,292,-1,292,287,288,-1,292,288,293,-1,293,288,289,-1,293,289,88,-1,88,289,83,-1,0,5,237,-1,237,5,211,-1,237,211,235,-1,235,211,290,-1,235,290,233,-1,233,290,291,-1,233,291,231,-1,231,291,292,-1,231,292,229,-1,229,292,293,-1,229,293,87,-1,87,293,88,-1,210,70,237,-1,237,70,69,-1,237,69,0,-1,67,71,209,-1,209,71,210,-1,209,210,294,-1,294,210,236,-1,294,236,295,-1,295,236,234,-1,295,234,296,-1,296,234,232,-1,296,232,297,-1,297,232,230,-1,297,230,91,-1,91,230,86,-1,64,68,208,-1,208,68,209,-1,208,209,298,-1,298,209,294,-1,298,294,299,-1,299,294,295,-1,299,295,300,-1,300,295,296,-1,300,296,301,-1,301,296,297,-1,301,297,90,-1,90,297,91,-1,61,65,302,-1,302,65,208,-1,302,208,303,-1,303,208,298,-1,303,298,304,-1,304,298,299,-1,304,299,305,-1,305,299,300,-1,305,300,306,-1,306,300,301,-1,306,301,89,-1,89,301,90,-1,89,94,306,-1,306,94,307,-1,306,307,305,-1,305,307,308,-1,305,308,304,-1,304,308,309,-1,304,309,303,-1,303,309,310,-1,303,310,302,-1,302,310,311,-1,302,311,61,-1,61,311,62,-1,94,93,307,-1,307,93,312,-1,307,312,308,-1,308,312,313,-1,308,313,309,-1,309,313,314,-1,309,314,310,-1,310,314,315,-1,310,315,311,-1,311,315,207,-1,311,207,62,-1,62,207,58,-1,55,59,206,-1,206,59,207,-1,206,207,316,-1,316,207,315,-1,316,315,317,-1,317,315,314,-1,317,314,318,-1,318,314,313,-1,318,313,319,-1,319,313,312,-1,319,312,92,-1,92,312,93,-1,52,56,205,-1,205,56,206,-1,205,206,320,-1,320,206,316,-1,320,316,321,-1,321,316,317,-1,321,317,322,-1,322,317,318,-1,322,318,323,-1,323,318,319,-1,323,319,97,-1,97,319,92,-1,49,53,246,-1,246,53,205,-1,246,205,244,-1,244,205,320,-1,244,320,242,-1,242,320,321,-1,242,321,240,-1,240,321,322,-1,240,322,238,-1,238,322,323,-1,238,323,96,-1,96,323,97,-1,204,46,246,-1,246,46,50,-1,246,50,49,-1,43,47,203,-1,203,47,204,-1,203,204,324,-1,324,204,245,-1,324,245,325,-1,325,245,243,-1,325,243,326,-1,326,243,241,-1,326,241,327,-1,327,241,239,-1,327,239,99,-1,99,239,95,-1,40,44,202,-1,202,44,203,-1,202,203,328,-1,328,203,324,-1,328,324,329,-1,329,324,325,-1,329,325,330,-1,330,325,326,-1,330,326,331,-1,331,326,327,-1,331,327,98,-1,98,327,99,-1,37,41,332,-1,332,41,202,-1,332,202,333,-1,333,202,328,-1,333,328,334,-1,334,328,329,-1,334,329,335,-1,335,329,330,-1,335,330,336,-1,336,330,331,-1,336,331,76,-1,76,331,98,-1,76,75,336,-1,336,75,247,-1,336,247,335,-1,335,247,249,-1,335,249,334,-1,334,249,251,-1,334,251,333,-1,333,251,253,-1,333,253,332,-1,332,253,255,-1,332,255,37,-1,37,255,38,-1,142,141,337,-1,145,144,338,-1,148,147,339,-1,152,150,340,-1,158,157,341,-1,161,160,342,-1,167,166,343,-1,170,169,344,-1,173,172,345,-1,105,104,346,-1,108,107,347,-1,111,110,348,-1,117,116,349,-1,120,119,350,-1,127,126,351,-1,130,129,352,-1,133,132,353,-1,136,135,354,-1,180,179,355,-1,355,179,356,-1,355,356,357,-1,357,356,358,-1,357,358,359,-1,359,358,360,-1,359,360,361,-1,361,360,362,-1,361,362,363,-1,363,362,351,-1,189,188,364,-1,364,188,365,-1,364,365,366,-1,366,365,367,-1,366,367,368,-1,368,367,369,-1,368,369,370,-1,370,369,371,-1,370,371,372,-1,372,371,345,-1,198,197,373,-1,373,197,374,-1,373,374,375,-1,375,374,376,-1,375,376,377,-1,377,376,378,-1,377,378,379,-1,379,378,380,-1,379,380,381,-1,381,380,339,-1,177,175,382,-1,382,175,383,-1,382,383,384,-1,384,383,385,-1,384,385,386,-1,386,385,387,-1,386,387,388,-1,388,387,389,-1,388,389,390,-1,390,389,354,-1,390,354,139,-1,139,354,135,-1,132,136,353,-1,353,136,354,-1,353,354,391,-1,391,354,389,-1,391,389,392,-1,392,389,387,-1,392,387,393,-1,393,387,385,-1,393,385,394,-1,394,385,383,-1,394,383,174,-1,174,383,175,-1,129,133,352,-1,352,133,353,-1,352,353,395,-1,395,353,391,-1,395,391,396,-1,396,391,392,-1,396,392,397,-1,397,392,393,-1,397,393,398,-1,398,393,394,-1,398,394,181,-1,181,394,174,-1,122,130,363,-1,363,130,352,-1,363,352,361,-1,361,352,395,-1,361,395,359,-1,359,395,396,-1,359,396,357,-1,357,396,397,-1,357,397,355,-1,355,397,398,-1,355,398,180,-1,180,398,181,-1,351,126,363,-1,363,126,124,-1,363,124,122,-1,119,127,350,-1,350,127,351,-1,350,351,399,-1,399,351,362,-1,399,362,400,-1,400,362,360,-1,400,360,401,-1,401,360,358,-1,401,358,402,-1,402,358,356,-1,402,356,184,-1,184,356,179,-1,116,120,349,-1,349,120,350,-1,349,350,403,-1,403,350,399,-1,403,399,404,-1,404,399,400,-1,404,400,405,-1,405,400,401,-1,405,401,406,-1,406,401,402,-1,406,402,183,-1,183,402,184,-1,113,117,407,-1,407,117,349,-1,407,349,408,-1,408,349,403,-1,408,403,409,-1,409,403,404,-1,409,404,410,-1,410,404,405,-1,410,405,411,-1,411,405,406,-1,411,406,182,-1,182,406,183,-1,182,187,411,-1,411,187,412,-1,411,412,410,-1,410,412,413,-1,410,413,409,-1,409,413,414,-1,409,414,408,-1,408,414,415,-1,408,415,407,-1,407,415,416,-1,407,416,113,-1,113,416,114,-1,187,186,412,-1,412,186,417,-1,412,417,413,-1,413,417,418,-1,413,418,414,-1,414,418,419,-1,414,419,415,-1,415,419,420,-1,415,420,416,-1,416,420,348,-1,416,348,114,-1,114,348,110,-1,107,111,347,-1,347,111,348,-1,347,348,421,-1,421,348,420,-1,421,420,422,-1,422,420,419,-1,422,419,423,-1,423,419,418,-1,423,418,424,-1,424,418,417,-1,424,417,185,-1,185,417,186,-1,104,108,346,-1,346,108,347,-1,346,347,425,-1,425,347,421,-1,425,421,426,-1,426,421,422,-1,426,422,427,-1,427,422,423,-1,427,423,428,-1,428,423,424,-1,428,424,190,-1,190,424,185,-1,100,105,372,-1,372,105,346,-1,372,346,370,-1,370,346,425,-1,370,425,368,-1,368,425,426,-1,368,426,366,-1,366,426,427,-1,366,427,364,-1,364,427,428,-1,364,428,189,-1,189,428,190,-1,345,172,372,-1,372,172,171,-1,372,171,100,-1,169,173,344,-1,344,173,345,-1,344,345,429,-1,429,345,371,-1,429,371,430,-1,430,371,369,-1,430,369,431,-1,431,369,367,-1,431,367,432,-1,432,367,365,-1,432,365,193,-1,193,365,188,-1,166,170,343,-1,343,170,344,-1,343,344,433,-1,433,344,429,-1,433,429,434,-1,434,429,430,-1,434,430,435,-1,435,430,431,-1,435,431,436,-1,436,431,432,-1,436,432,192,-1,192,432,193,-1,163,167,437,-1,437,167,343,-1,437,343,438,-1,438,343,433,-1,438,433,439,-1,439,433,434,-1,439,434,440,-1,440,434,435,-1,440,435,441,-1,441,435,436,-1,441,436,191,-1,191,436,192,-1,191,196,441,-1,441,196,442,-1,441,442,440,-1,440,442,443,-1,440,443,439,-1,439,443,444,-1,439,444,438,-1,438,444,445,-1,438,445,437,-1,437,445,446,-1,437,446,163,-1,163,446,164,-1,196,195,442,-1,442,195,447,-1,442,447,443,-1,443,447,448,-1,443,448,444,-1,444,448,449,-1,444,449,445,-1,445,449,450,-1,445,450,446,-1,446,450,342,-1,446,342,164,-1,164,342,160,-1,157,161,341,-1,341,161,342,-1,341,342,451,-1,451,342,450,-1,451,450,452,-1,452,450,449,-1,452,449,453,-1,453,449,448,-1,453,448,454,-1,454,448,447,-1,454,447,194,-1,194,447,195,-1,150,158,340,-1,340,158,341,-1,340,341,455,-1,455,341,451,-1,455,451,456,-1,456,451,452,-1,456,452,457,-1,457,452,453,-1,457,453,458,-1,458,453,454,-1,458,454,199,-1,199,454,194,-1,154,152,381,-1,381,152,340,-1,381,340,379,-1,379,340,455,-1,379,455,377,-1,377,455,456,-1,377,456,375,-1,375,456,457,-1,375,457,373,-1,373,457,458,-1,373,458,198,-1,198,458,199,-1,339,147,381,-1,381,147,155,-1,381,155,154,-1,144,148,338,-1,338,148,339,-1,338,339,459,-1,459,339,380,-1,459,380,460,-1,460,380,378,-1,460,378,461,-1,461,378,376,-1,461,376,462,-1,462,376,374,-1,462,374,201,-1,201,374,197,-1,141,145,337,-1,337,145,338,-1,337,338,463,-1,463,338,459,-1,463,459,464,-1,464,459,460,-1,464,460,465,-1,465,460,461,-1,465,461,466,-1,466,461,462,-1,466,462,200,-1,200,462,201,-1,138,142,467,-1,467,142,337,-1,467,337,468,-1,468,337,463,-1,468,463,469,-1,469,463,464,-1,469,464,470,-1,470,464,465,-1,470,465,471,-1,471,465,466,-1,471,466,178,-1,178,466,200,-1,178,177,471,-1,471,177,382,-1,471,382,470,-1,470,382,384,-1,470,384,469,-1,469,384,386,-1,469,386,468,-1,468,386,388,-1,468,388,467,-1,467,388,390,-1,467,390,138,-1,138,390,139,-1,
        ]
    }
}
Shape{
    appearance Appearance {
        material  Material {
            diffuseColor 0.17647058823529413 0.17647058823529413 0.17647058823529413
            specularColor 0.011764705882352941 0.011764705882352941 0.011764705882352941
            ambientIntensity 0.251
            transparency 0.0
            shininess 0.5
        }
    }
    geometry IndexedFaceSet {
        ccw TRUE
        solid FALSE
        coord DEF co Coordinate {
            point [
                -0.2502 -0.7246 0.892, -0.2412 -0.7269 0.4816, -0.2412 -0.7269 0.8884, -0.2248 -0.7283 0.4882, -0.2248 -0.7283 0.8819, -0.2572 -0.7228 0.8948, -0.2572 -0.7228 0.4753, -0.2502 -0.7246 0.478, -0.2728 -0.7158 0.9011, -0.274 -0.715 0.4685, -0.2728 -0.7158 0.469, -0.2943 -0.6993 0.9097, -0.2861 -0.707 0.4637, -0.2861 -0.707 0.9064, -0.274 -0.715 0.9016, -0.2968 -0.697 0.9107, -0.2968 -0.697 0.4594, -0.2943 -0.6993 0.4604, -0.3052 -0.6867 0.914, -0.3095 -0.6788 0.4543, -0.3052 -0.6867 0.456, -0.3095 -0.6788 0.9158, -0.316 -0.6671 0.9183, -0.316 -0.6671 0.4517, -0.3195 -0.6552 0.9197, -0.3195 -0.6552 0.4503, -0.3215 -0.6482 0.9206, -0.3215 -0.6482 0.4495, -0.3233 -0.6299 0.9213, -0.3233 -0.6299 0.4488, -0.2541 -0.7237 0.4719, -0.2396 -0.7272 0.48, -0.2445 -0.715 0.439, -0.244 -0.7158 0.4402, -0.2492 -0.7177 0.4444, -0.2378 -0.7228 0.4559, -0.2411 -0.7237 0.4589, -0.235 -0.7246 0.4628, -0.233 -0.7272 0.4734, -0.2314 -0.7269 0.4718, -0.2686 -0.7177 0.4638, -0.2813 -0.7098 0.4567, -0.292 -0.7008 0.4506, -0.2493 -0.707 0.427, -0.2564 -0.7098 0.4317, -0.2526 -0.6993 0.4187, -0.2624 -0.7008 0.421, -0.2536 -0.697 0.4162, -0.2674 -0.6909 0.4123, -0.257 -0.6867 0.4078, -0.3126 -0.671 0.4387, -0.3007 -0.6909 0.4456, -0.2587 -0.6788 0.4035, -0.2743 -0.671 0.4005, -0.2613 -0.6671 0.3971, -0.3191 -0.6505 0.4348, -0.238 -0.7273 0.4783, -0.2363 -0.7273 0.4767, -0.251 -0.7242 0.4686, -0.2477 -0.7244 0.4653, -0.2641 -0.7188 0.4587, -0.2593 -0.7192 0.4537, -0.2759 -0.7116 0.4498, -0.2698 -0.7122 0.4433, -0.286 -0.703 0.4421, -0.2788 -0.7038 0.4342, -0.2944 -0.6935 0.4356, -0.2865 -0.6944 0.4265, -0.3063 -0.6735 0.4264, -0.2974 -0.6743 0.4156, -0.3131 -0.652 0.4211, -0.3039 -0.6525 0.4092, -0.2347 -0.7273 0.475, -0.2444 -0.7242 0.4621, -0.2543 -0.7188 0.4489, -0.2632 -0.7116 0.4372, -0.2709 -0.703 0.4271, -0.2774 -0.6935 0.4186, -0.2866 -0.6735 0.4068, -0.292 -0.652 0.3999, -0.2782 -0.6505 0.3939, -0.3215 -0.6299 0.4357, -0.3212 -0.6299 0.4335, -0.317 -0.6299 0.4234, -0.3153 -0.6299 0.4193, -0.31 -0.6299 0.4123, -0.306 -0.6299 0.4071, -0.3007 -0.6299 0.403, -0.2937 -0.6299 0.3977, -0.2897 -0.6299 0.396, -0.2795 -0.6299 0.3918, -0.2773 -0.6299 0.3915, -0.2627 -0.6552 0.3936, -0.2635 -0.6482 0.3915, -0.2642 -0.6299 0.3898, -0.235 -0.7246 0.9073, -0.2411 -0.7237 0.9112, -0.2314 -0.7269 0.8983, -0.233 -0.7272 0.8967, -0.2686 -0.7177 0.9063, -0.2541 -0.7237 0.8982, -0.2396 -0.7272 0.8901, -0.2378 -0.7228 0.9142, -0.244 -0.7158 0.9298, -0.2492 -0.7177 0.9257, -0.2445 -0.715 0.931, -0.2564 -0.7098 0.9384, -0.2493 -0.707 0.9431, -0.2526 -0.6993 0.9514, -0.2624 -0.7008 0.9491, -0.2536 -0.697 0.9539, -0.257 -0.6867 0.9623, -0.2813 -0.7098 0.9134, -0.292 -0.7008 0.9195, -0.3007 -0.6909 0.9245, -0.2587 -0.6788 0.9666, -0.2743 -0.671 0.9696, -0.2674 -0.6909 0.9578, -0.3126 -0.671 0.9314, -0.2635 -0.6482 0.9786, -0.2782 -0.6505 0.9762, -0.2627 -0.6552 0.9765, -0.2613 -0.6671 0.973, -0.2347 -0.7273 0.895, -0.2363 -0.7273 0.8934, -0.2444 -0.7242 0.908, -0.2477 -0.7244 0.9048, -0.2543 -0.7188 0.9212, -0.2593 -0.7192 0.9164, -0.2632 -0.7116 0.9329, -0.2698 -0.7122 0.9268, -0.2709 -0.703 0.943, -0.2788 -0.7038 0.9359, -0.2774 -0.6935 0.9515, -0.2865 -0.6944 0.9436, -0.2866 -0.6735 0.9633, -0.2974 -0.6743 0.9545, -0.292 -0.652 0.9702, -0.3039 -0.6525 0.9609, -0.238 -0.7273 0.8918, -0.251 -0.7242 0.9015, -0.2641 -0.7188 0.9114, -0.2759 -0.7116 0.9203, -0.286 -0.703 0.928, -0.2944 -0.6935 0.9344, -0.3063 -0.6735 0.9436, -0.3131 -0.652 0.949, -0.3191 -0.6505 0.9353, -0.2642 -0.6299 0.9803, -0.2773 -0.6299 0.9786, -0.2795 -0.6299 0.9783, -0.2897 -0.6299 0.9741, -0.2937 -0.6299 0.9724, -0.3007 -0.6299 0.967, -0.306 -0.6299 0.963, -0.31 -0.6299 0.9578, -0.3153 -0.6299 0.9508, -0.317 -0.6299 0.9467, -0.3212 -0.6299 0.9365, -0.3215 -0.6299 0.9344, 0.7723 -0.7228 0.4559, 0.7696 -0.7246 0.4628, 0.766 -0.7269 0.4718, 0.7594 -0.7283 0.4882, 0.7839 -0.707 0.427, 0.7791 -0.715 0.439, 0.7786 -0.7158 0.4402, 0.7933 -0.6788 0.4035, 0.7916 -0.6867 0.4078, 0.7882 -0.697 0.4162, 0.7872 -0.6993 0.4187, 0.7959 -0.6671 0.3971, 0.7973 -0.6552 0.3936, 0.7981 -0.6482 0.3915, 0.7988 -0.6299 0.3898, 0.7988 -0.6299 0.9803, 0.7981 -0.6482 0.9786, 0.7973 -0.6552 0.9765, 0.7959 -0.6671 0.973, 0.7933 -0.6788 0.9666, 0.7872 -0.6993 0.9514, 0.7882 -0.697 0.9539, 0.7916 -0.6867 0.9623, 0.7839 -0.707 0.9431, 0.7723 -0.7228 0.9142, 0.7786 -0.7158 0.9298, 0.7791 -0.715 0.931, 0.7594 -0.7283 0.8819, 0.766 -0.7269 0.8983, 0.7696 -0.7246 0.9073, 0.7757 -0.7237 0.4589, 0.7676 -0.7272 0.4734, 0.8086 -0.715 0.4685, 0.8074 -0.7158 0.469, 0.8032 -0.7177 0.4638, 0.7917 -0.7228 0.4753, 0.7887 -0.7237 0.4719, 0.7848 -0.7246 0.478, 0.7742 -0.7272 0.48, 0.7758 -0.7269 0.4816, 0.7838 -0.7177 0.4444, 0.7909 -0.7098 0.4317, 0.797 -0.7008 0.421, 0.8206 -0.707 0.4637, 0.8159 -0.7098 0.4567, 0.8289 -0.6993 0.4604, 0.8266 -0.7008 0.4506, 0.8314 -0.697 0.4594, 0.8353 -0.6909 0.4456, 0.8398 -0.6867 0.456, 0.8089 -0.671 0.4005, 0.802 -0.6909 0.4123, 0.8441 -0.6788 0.4543, 0.8471 -0.671 0.4387, 0.8505 -0.6671 0.4517, 0.8128 -0.6505 0.3939, 0.7693 -0.7273 0.475, 0.7709 -0.7273 0.4767, 0.779 -0.7242 0.4621, 0.7823 -0.7244 0.4653, 0.7889 -0.7188 0.4489, 0.7939 -0.7192 0.4537, 0.7978 -0.7116 0.4372, 0.8044 -0.7122 0.4433, 0.8055 -0.703 0.4271, 0.8134 -0.7038 0.4342, 0.812 -0.6935 0.4186, 0.8211 -0.6944 0.4265, 0.8212 -0.6735 0.4068, 0.832 -0.6743 0.4156, 0.8265 -0.652 0.3999, 0.8384 -0.6525 0.4092, 0.7726 -0.7273 0.4783, 0.7855 -0.7242 0.4686, 0.7987 -0.7188 0.4587, 0.8104 -0.7116 0.4498, 0.8205 -0.703 0.4421, 0.829 -0.6935 0.4356, 0.8409 -0.6735 0.4264, 0.8477 -0.652 0.4211, 0.8537 -0.6505 0.4348, 0.8119 -0.6299 0.3915, 0.8141 -0.6299 0.3918, 0.8243 -0.6299 0.396, 0.8283 -0.6299 0.3977, 0.8353 -0.6299 0.403, 0.8405 -0.6299 0.4071, 0.8446 -0.6299 0.4123, 0.8499 -0.6299 0.4193, 0.8516 -0.6299 0.4234, 0.8558 -0.6299 0.4335, 0.8561 -0.6299 0.4357, 0.854 -0.6552 0.4503, 0.8561 -0.6482 0.4495, 0.8578 -0.6299 0.4488, 0.7848 -0.7246 0.892, 0.7887 -0.7237 0.8982, 0.7758 -0.7269 0.8884, 0.7742 -0.7272 0.8901, 0.7838 -0.7177 0.9257, 0.7757 -0.7237 0.9112, 0.7676 -0.7272 0.8967, 0.7917 -0.7228 0.8948, 0.8074 -0.7158 0.9011, 0.8032 -0.7177 0.9063, 0.8086 -0.715 0.9016, 0.8159 -0.7098 0.9134, 0.8206 -0.707 0.9064, 0.8289 -0.6993 0.9097, 0.8266 -0.7008 0.9195, 0.8314 -0.697 0.9107, 0.8398 -0.6867 0.914, 0.7909 -0.7098 0.9384, 0.797 -0.7008 0.9491, 0.802 -0.6909 0.9578, 0.8441 -0.6788 0.9158, 0.8471 -0.671 0.9314, 0.8353 -0.6909 0.9245, 0.8089 -0.671 0.9696, 0.8561 -0.6482 0.9206, 0.8537 -0.6505 0.9353, 0.854 -0.6552 0.9197, 0.8505 -0.6671 0.9183, 0.7726 -0.7273 0.8918, 0.7709 -0.7273 0.8934, 0.7855 -0.7242 0.9015, 0.7823 -0.7244 0.9048, 0.7987 -0.7188 0.9114, 0.7939 -0.7192 0.9164, 0.8104 -0.7116 0.9203, 0.8044 -0.7122 0.9268, 0.8205 -0.703 0.928, 0.8134 -0.7038 0.9359, 0.829 -0.6935 0.9344, 0.8211 -0.6944 0.9436, 0.8409 -0.6735 0.9436, 0.832 -0.6743 0.9545, 0.8477 -0.652 0.949, 0.8384 -0.6525 0.9609, 0.7693 -0.7273 0.895, 0.779 -0.7242 0.908, 0.7889 -0.7188 0.9212, 0.7978 -0.7116 0.9329, 0.8055 -0.703 0.943, 0.812 -0.6935 0.9515, 0.8212 -0.6735 0.9633, 0.8265 -0.652 0.9702, 0.8128 -0.6505 0.9762, 0.8578 -0.6299 0.9213, 0.8561 -0.6299 0.9344, 0.8558 -0.6299 0.9365, 0.8516 -0.6299 0.9467, 0.8499 -0.6299 0.9508, 0.8446 -0.6299 0.9578, 0.8405 -0.6299 0.963, 0.8353 -0.6299 0.967, 0.8283 -0.6299 0.9724, 0.8243 -0.6299 0.9741, 0.8141 -0.6299 0.9783, 0.8119 -0.6299 0.9786
            ]
        }
        coordIndex [
            0,1,2,-1,2,1,3,-1,2,3,4,-1,5,6,0,-1,0,6,7,-1,0,7,1,-1,8,9,5,-1,5,9,10,-1,5,10,6,-1,11,12,13,-1,13,12,9,-1,13,9,14,-1,14,9,8,-1,15,16,11,-1,11,16,17,-1,11,17,12,-1,18,19,15,-1,15,19,20,-1,15,20,16,-1,18,21,19,-1,19,21,22,-1,19,22,23,-1,23,22,24,-1,23,24,25,-1,25,24,26,-1,25,26,27,-1,27,26,28,-1,27,28,29,-1,7,30,1,-1,1,30,31,-1,1,31,3,-1,32,33,34,-1,34,33,35,-1,34,35,36,-1,36,35,37,-1,36,37,38,-1,38,37,39,-1,38,39,3,-1,7,6,30,-1,30,6,10,-1,30,10,40,-1,40,10,9,-1,40,9,41,-1,9,12,41,-1,41,12,17,-1,41,17,42,-1,42,17,16,-1,42,16,20,-1,32,34,43,-1,43,34,44,-1,43,44,45,-1,45,44,46,-1,45,46,47,-1,47,46,48,-1,47,48,49,-1,19,50,20,-1,20,50,51,-1,20,51,42,-1,49,48,52,-1,52,48,53,-1,52,53,54,-1,27,55,25,-1,25,55,50,-1,25,50,23,-1,23,50,19,-1,3,56,57,-1,57,56,58,-1,57,58,59,-1,59,58,60,-1,59,60,61,-1,61,60,62,-1,61,62,63,-1,63,62,64,-1,63,64,65,-1,65,64,66,-1,65,66,67,-1,67,66,68,-1,67,68,69,-1,69,68,70,-1,69,70,71,-1,3,72,38,-1,38,72,73,-1,38,73,36,-1,36,73,74,-1,36,74,34,-1,34,74,75,-1,34,75,44,-1,44,75,76,-1,44,76,46,-1,46,76,77,-1,46,77,48,-1,48,77,78,-1,48,78,53,-1,53,78,79,-1,53,79,80,-1,27,29,81,-1,27,81,55,-1,55,81,82,-1,55,82,83,-1,83,70,55,-1,55,70,68,-1,55,68,50,-1,50,68,66,-1,50,66,51,-1,51,66,64,-1,51,64,42,-1,42,64,62,-1,42,62,41,-1,41,62,60,-1,41,60,40,-1,40,60,58,-1,40,58,30,-1,30,58,56,-1,30,56,31,-1,31,56,3,-1,83,84,70,-1,70,84,85,-1,70,85,71,-1,71,85,86,-1,71,86,87,-1,87,79,71,-1,71,79,78,-1,71,78,69,-1,69,78,77,-1,69,77,67,-1,67,77,76,-1,67,76,65,-1,65,76,75,-1,65,75,63,-1,63,75,74,-1,63,74,61,-1,61,74,73,-1,61,73,59,-1,59,73,72,-1,59,72,57,-1,57,72,3,-1,87,88,79,-1,79,88,89,-1,79,89,80,-1,80,89,90,-1,80,90,91,-1,54,53,92,-1,92,53,80,-1,92,80,93,-1,93,80,91,-1,93,91,94,-1,95,96,97,-1,97,96,98,-1,97,98,4,-1,14,8,99,-1,99,8,5,-1,99,5,100,-1,100,5,0,-1,100,0,101,-1,101,0,2,-1,101,2,4,-1,95,102,96,-1,96,102,103,-1,96,103,104,-1,104,103,105,-1,104,105,106,-1,105,107,106,-1,106,107,108,-1,106,108,109,-1,109,108,110,-1,109,110,111,-1,14,99,13,-1,13,99,112,-1,13,112,11,-1,11,112,113,-1,11,113,15,-1,15,113,114,-1,15,114,18,-1,115,116,111,-1,111,116,117,-1,111,117,109,-1,18,114,21,-1,21,114,118,-1,21,118,22,-1,119,120,121,-1,121,120,116,-1,121,116,122,-1,122,116,115,-1,4,123,124,-1,124,123,125,-1,124,125,126,-1,126,125,127,-1,126,127,128,-1,128,127,129,-1,128,129,130,-1,130,129,131,-1,130,131,132,-1,132,131,133,-1,132,133,134,-1,134,133,135,-1,134,135,136,-1,136,135,137,-1,136,137,138,-1,4,139,101,-1,101,139,140,-1,101,140,100,-1,100,140,141,-1,100,141,99,-1,99,141,142,-1,99,142,112,-1,112,142,143,-1,112,143,113,-1,113,143,144,-1,113,144,114,-1,114,144,145,-1,114,145,118,-1,118,145,146,-1,118,146,147,-1,119,148,149,-1,119,149,120,-1,120,149,150,-1,120,150,151,-1,151,137,120,-1,120,137,135,-1,120,135,116,-1,116,135,133,-1,116,133,117,-1,117,133,131,-1,117,131,109,-1,109,131,129,-1,109,129,106,-1,106,129,127,-1,106,127,104,-1,104,127,125,-1,104,125,96,-1,96,125,123,-1,96,123,98,-1,98,123,4,-1,151,152,137,-1,137,152,153,-1,137,153,138,-1,138,153,154,-1,138,154,155,-1,155,146,138,-1,138,146,145,-1,138,145,136,-1,136,145,144,-1,136,144,134,-1,134,144,143,-1,134,143,132,-1,132,143,142,-1,132,142,130,-1,130,142,141,-1,130,141,128,-1,128,141,140,-1,128,140,126,-1,126,140,139,-1,126,139,124,-1,124,139,4,-1,155,156,146,-1,146,156,157,-1,146,157,147,-1,147,157,158,-1,147,158,159,-1,22,118,24,-1,24,118,147,-1,24,147,26,-1,26,147,159,-1,26,159,28,-1,33,32,160,-1,37,161,162,-1,37,162,39,-1,39,162,163,-1,39,163,3,-1,161,37,160,-1,160,37,35,-1,160,35,33,-1,45,164,43,-1,43,164,165,-1,43,165,32,-1,32,165,166,-1,32,166,160,-1,167,168,47,-1,47,168,169,-1,47,169,45,-1,45,169,170,-1,45,170,164,-1,47,49,167,-1,167,49,52,-1,167,52,171,-1,171,52,54,-1,171,54,172,-1,54,92,172,-1,172,92,93,-1,172,93,173,-1,173,93,94,-1,173,94,174,-1,175,148,119,-1,175,119,176,-1,176,119,121,-1,176,121,177,-1,177,121,122,-1,177,122,178,-1,178,122,115,-1,178,115,179,-1,180,181,110,-1,115,111,179,-1,179,111,110,-1,179,110,182,-1,182,110,181,-1,110,108,180,-1,180,108,107,-1,180,107,183,-1,183,107,105,-1,184,185,105,-1,105,185,186,-1,105,186,183,-1,4,187,97,-1,97,187,188,-1,97,188,95,-1,95,188,189,-1,95,189,102,-1,102,189,184,-1,102,184,103,-1,103,184,105,-1,161,190,162,-1,162,190,191,-1,162,191,163,-1,192,193,194,-1,194,193,195,-1,194,195,196,-1,196,195,197,-1,196,197,198,-1,198,197,199,-1,198,199,163,-1,161,160,190,-1,190,160,166,-1,190,166,200,-1,200,166,165,-1,200,165,201,-1,165,164,201,-1,201,164,170,-1,201,170,202,-1,202,170,169,-1,202,169,168,-1,192,194,203,-1,203,194,204,-1,203,204,205,-1,205,204,206,-1,205,206,207,-1,207,206,208,-1,207,208,209,-1,167,210,168,-1,168,210,211,-1,168,211,202,-1,209,208,212,-1,212,208,213,-1,212,213,214,-1,173,215,172,-1,172,215,210,-1,172,210,171,-1,171,210,167,-1,163,216,217,-1,217,216,218,-1,217,218,219,-1,219,218,220,-1,219,220,221,-1,221,220,222,-1,221,222,223,-1,223,222,224,-1,223,224,225,-1,225,224,226,-1,225,226,227,-1,227,226,228,-1,227,228,229,-1,229,228,230,-1,229,230,231,-1,163,232,198,-1,198,232,233,-1,198,233,196,-1,196,233,234,-1,196,234,194,-1,194,234,235,-1,194,235,204,-1,204,235,236,-1,204,236,206,-1,206,236,237,-1,206,237,208,-1,208,237,238,-1,208,238,213,-1,213,238,239,-1,213,239,240,-1,173,174,241,-1,173,241,215,-1,215,241,242,-1,215,242,243,-1,243,230,215,-1,215,230,228,-1,215,228,210,-1,210,228,226,-1,210,226,211,-1,211,226,224,-1,211,224,202,-1,202,224,222,-1,202,222,201,-1,201,222,220,-1,201,220,200,-1,200,220,218,-1,200,218,190,-1,190,218,216,-1,190,216,191,-1,191,216,163,-1,243,244,230,-1,230,244,245,-1,230,245,231,-1,231,245,246,-1,231,246,247,-1,247,239,231,-1,231,239,238,-1,231,238,229,-1,229,238,237,-1,229,237,227,-1,227,237,236,-1,227,236,225,-1,225,236,235,-1,225,235,223,-1,223,235,234,-1,223,234,221,-1,221,234,233,-1,221,233,219,-1,219,233,232,-1,219,232,217,-1,217,232,163,-1,247,248,239,-1,239,248,249,-1,239,249,240,-1,240,249,250,-1,240,250,251,-1,214,213,252,-1,252,213,240,-1,252,240,253,-1,253,240,251,-1,253,251,254,-1,255,256,257,-1,257,256,258,-1,257,258,187,-1,186,185,259,-1,259,185,184,-1,259,184,260,-1,260,184,189,-1,260,189,261,-1,261,189,188,-1,261,188,187,-1,255,262,256,-1,256,262,263,-1,256,263,264,-1,264,263,265,-1,264,265,266,-1,265,267,266,-1,266,267,268,-1,266,268,269,-1,269,268,270,-1,269,270,271,-1,186,259,183,-1,183,259,272,-1,183,272,180,-1,180,272,273,-1,180,273,181,-1,181,273,274,-1,181,274,182,-1,275,276,271,-1,271,276,277,-1,271,277,269,-1,182,274,179,-1,179,274,278,-1,179,278,178,-1,279,280,281,-1,281,280,276,-1,281,276,282,-1,282,276,275,-1,187,283,284,-1,284,283,285,-1,284,285,286,-1,286,285,287,-1,286,287,288,-1,288,287,289,-1,288,289,290,-1,290,289,291,-1,290,291,292,-1,292,291,293,-1,292,293,294,-1,294,293,295,-1,294,295,296,-1,296,295,297,-1,296,297,298,-1,187,299,261,-1,261,299,300,-1,261,300,260,-1,260,300,301,-1,260,301,259,-1,259,301,302,-1,259,302,272,-1,272,302,303,-1,272,303,273,-1,273,303,304,-1,273,304,274,-1,274,304,305,-1,274,305,278,-1,278,305,306,-1,278,306,307,-1,279,308,309,-1,279,309,280,-1,280,309,310,-1,280,310,311,-1,311,297,280,-1,280,297,295,-1,280,295,276,-1,276,295,293,-1,276,293,277,-1,277,293,291,-1,277,291,269,-1,269,291,289,-1,269,289,266,-1,266,289,287,-1,266,287,264,-1,264,287,285,-1,264,285,256,-1,256,285,283,-1,256,283,258,-1,258,283,187,-1,311,312,297,-1,297,312,313,-1,297,313,298,-1,298,313,314,-1,298,314,315,-1,315,306,298,-1,298,306,305,-1,298,305,296,-1,296,305,304,-1,296,304,294,-1,294,304,303,-1,294,303,292,-1,292,303,302,-1,292,302,290,-1,290,302,301,-1,290,301,288,-1,288,301,300,-1,288,300,286,-1,286,300,299,-1,286,299,284,-1,284,299,187,-1,315,316,306,-1,306,316,317,-1,306,317,307,-1,307,317,318,-1,307,318,319,-1,178,278,177,-1,177,278,307,-1,177,307,176,-1,176,307,319,-1,176,319,175,-1,193,192,262,-1,187,163,257,-1,257,163,199,-1,257,199,255,-1,255,199,197,-1,255,197,262,-1,262,197,195,-1,262,195,193,-1,205,267,203,-1,203,267,265,-1,203,265,192,-1,192,265,263,-1,192,263,262,-1,207,270,205,-1,205,270,268,-1,205,268,267,-1,209,275,207,-1,207,275,271,-1,207,271,270,-1,209,212,275,-1,275,212,214,-1,275,214,282,-1,282,214,252,-1,282,252,281,-1,281,252,253,-1,281,253,279,-1,279,253,254,-1,279,254,308,-1,
        ]
    }
}
Shape{
    appearance Appearance {
        material  Material {
            diffuseColor 0.8431372549019608 0.8156862745098039 0.7529411764705882
            specularColor 0.25098039215686274 0.24313725490196078 0.22745098039215686
            ambientIntensity 0.8167
            transparency 0.0
            shininess 0.5
        }
    }
    geometry IndexedFaceSet {
        ccw TRUE
        solid FALSE
        coord DEF co Coordinate {
            point [
                0.976 0.4528 -0.0197, 0.976 0.4528 0.0748, 1.1531 0.4528 -0.0197, 1.2082 0.4528 0.0748, 1.2082 0.4528 0.3346, 1.2295 0.4528 0.3173, 1.2201 0.4528 0.3051, 1.2712 0.4528 0.3346, 1.2559 0.4528 0.3326, 1.2417 0.4528 0.3267, 1.1949 0.4528 -0.0024, 1.1826 0.4528 -0.0118, 1.2043 0.4528 0.0098, 1.2102 0.4528 0.0241, 1.1684 0.4528 -0.0177, 1.2122 0.4528 0.0394, 1.2122 0.4528 0.2756, 1.2142 0.4528 0.2909, 0.976 0.6496 0.3346, 0.976 0.5315 0.3346, 0.976 0.6496 0.0551, 0.976 0.5315 0.0748, 0.976 0.5512 0.0551, 0.976 0.5461 0.0558, 0.976 0.5322 0.0697, 0.976 0.5342 0.065, 0.976 0.5373 0.0609, 0.976 0.5414 0.0578
            ]
        }
        coordIndex [
            0,1,2,-1,2,1,3,-1,4,5,6,-1,7,8,4,-1,4,8,9,-1,4,9,5,-1,10,11,12,-1,12,11,13,-1,11,14,13,-1,13,14,2,-1,13,2,15,-1,15,2,3,-1,15,3,16,-1,16,3,4,-1,16,4,17,-1,17,4,6,-1,18,19,20,-1,20,19,21,-1,20,21,22,-1,22,21,23,-1,24,25,26,-1,24,26,21,-1,21,26,27,-1,21,27,23,-1,
        ]
    }
}
Shape{
    appearance Appearance {
        material  Material {
            diffuseColor 0.7686274509803922 0.7686274509803922 0.7686274509803922
            specularColor 0.615686274509804 0.615686274509804 0.615686274509804
            ambientIntensity 0.7686
            transparency 0.0
            shininess 0.5
        }
    }
    geometry IndexedFaceSet {
        ccw TRUE
        solid FALSE
        coord DEF co Coordinate {
            point [
                -0.4414 0.7284 0.0551, -0.4414 0.6496 0.0551, -0.4414 0.7284 -0.0236, -0.4414 0.6496 -0.0197, -0.4414 0.5237 -0.0197, -0.4414 0.5257 -0.0203, -0.4414 0.5512 -0.0236, -0.6737 0.5315 0.0748, -0.6737 0.5315 0.3346, -0.4414 0.5315 0.0748, -0.4414 0.5315 0.3346, -0.6737 0.5322 0.0697, -0.4414 0.5322 0.0697, -0.6737 0.5342 0.065, -0.4414 0.5342 0.065, -0.6737 0.5373 0.0609, -0.4414 0.5373 0.0609, -0.6737 0.5414 0.0578, -0.4414 0.5414 0.0578, -0.6737 0.5461 0.0558, -0.4414 0.5461 0.0558, -0.6737 0.5512 0.0551, -0.4414 0.5512 0.0551, -0.6737 0.7284 0.0551, -0.6737 0.7284 -0.0236, -0.6737 0.5512 -0.0236, -0.6737 0.5257 -0.0203, -0.6737 0.502 -0.0104, -0.4414 0.502 -0.0104, -0.4414 0.4816 0.0052, -0.6737 0.4816 0.0052, -0.4414 0.466 0.0256, -0.6737 0.466 0.0256, -0.4414 0.4561 0.0493, -0.6737 0.4561 0.0493, -0.4414 0.4528 0.0748, -0.6737 0.4528 0.0748, -0.6737 0.4528 0.3346, 0.976 0.6496 0.0551, 0.976 0.7284 0.0551, 0.976 0.6496 -0.0197, 0.976 0.7284 -0.0236, 0.976 0.5512 -0.0236, 0.976 0.5257 -0.0203, 0.976 0.5237 -0.0197, 1.2082 0.4528 0.0748, 0.976 0.4528 0.0748, 0.976 0.4561 0.0493, 1.2082 0.4561 0.0493, 0.976 0.466 0.0256, 1.2082 0.466 0.0256, 0.976 0.4816 0.0052, 1.2082 0.4816 0.0052, 0.976 0.502 -0.0104, 1.2082 0.502 -0.0104, 1.2082 0.5257 -0.0203, 1.2082 0.5512 -0.0236, 1.2082 0.7284 -0.0236, 1.2082 0.7284 0.0551, 0.976 0.5512 0.0551, 1.2082 0.5512 0.0551, 1.2082 0.5461 0.0558, 0.976 0.5461 0.0558, 1.2082 0.5414 0.0578, 0.976 0.5414 0.0578, 1.2082 0.5373 0.0609, 0.976 0.5373 0.0609, 1.2082 0.5342 0.065, 0.976 0.5342 0.065, 1.2082 0.5322 0.0697, 0.976 0.5322 0.0697, 1.2082 0.5315 0.0748, 0.976 0.5315 0.0748, 1.2082 0.5315 0.3346, 0.976 0.5315 0.3346, 1.2082 0.4528 0.3346
            ]
        }
        coordIndex [
            0,1,2,-1,2,1,3,-1,4,5,3,-1,3,5,6,-1,3,6,2,-1,7,8,9,-1,9,8,10,-1,7,9,11,-1,11,9,12,-1,11,12,13,-1,13,12,14,-1,13,14,15,-1,15,14,16,-1,15,16,17,-1,17,16,18,-1,17,18,19,-1,19,18,20,-1,19,20,21,-1,21,20,22,-1,0,23,1,-1,1,23,21,-1,1,21,22,-1,24,23,2,-1,2,23,0,-1,25,24,6,-1,6,24,2,-1,25,6,5,-1,25,5,26,-1,26,5,4,-1,26,4,27,-1,4,28,27,-1,27,28,29,-1,27,29,30,-1,30,29,31,-1,30,31,32,-1,32,31,33,-1,32,33,34,-1,34,33,35,-1,34,35,36,-1,23,24,21,-1,21,24,25,-1,21,25,19,-1,19,25,26,-1,19,26,17,-1,17,26,27,-1,17,27,15,-1,15,27,30,-1,15,30,13,-1,13,30,32,-1,13,32,11,-1,11,32,34,-1,11,34,7,-1,7,34,36,-1,7,36,8,-1,8,36,37,-1,38,39,40,-1,40,39,41,-1,41,42,40,-1,40,42,43,-1,40,43,44,-1,45,46,47,-1,45,47,48,-1,48,47,49,-1,48,49,50,-1,50,49,51,-1,50,51,52,-1,52,51,53,-1,52,53,54,-1,54,53,44,-1,54,44,55,-1,44,43,55,-1,55,43,42,-1,55,42,56,-1,57,56,41,-1,41,56,42,-1,58,57,39,-1,39,57,41,-1,59,60,38,-1,38,60,58,-1,38,58,39,-1,60,59,61,-1,61,59,62,-1,61,62,63,-1,63,62,64,-1,63,64,65,-1,65,64,66,-1,65,66,67,-1,67,66,68,-1,67,68,69,-1,69,68,70,-1,69,70,71,-1,71,70,72,-1,73,71,74,-1,74,71,72,-1,73,75,71,-1,71,75,45,-1,71,45,69,-1,69,45,48,-1,69,48,67,-1,67,48,50,-1,67,50,65,-1,65,50,52,-1,65,52,63,-1,63,52,54,-1,63,54,61,-1,61,54,55,-1,61,55,60,-1,60,55,56,-1,60,56,58,-1,58,56,57,-1,
        ]
    }
}
Shape{
    appearance Appearance {
        material  Material {
            diffuseColor 0.8431372549019608 0.8156862745098039 0.7529411764705882
            specularColor 0.25098039215686274 0.24313725490196078 0.22745098039215686
            ambientIntensity 0.8167
            transparency 0.0
            shininess 0.5
        }
    }
    geometry IndexedFaceSet {
        ccw TRUE
        solid FALSE
        coord DEF co Coordinate {
            point [
                0.2673 0.4134 0.3839, 0.2673 0.6496 0.3839, 0.3004 0.4134 0.3795, 0.3004 0.6496 0.3795, 0.3313 0.4134 0.3667, 0.3313 0.6496 0.3667, 0.3578 0.4134 0.3464, 0.3578 0.6496 0.3464, 0.3781 0.4134 0.3199, 0.3781 0.6496 0.3199, 0.3909 0.4134 0.289, 0.3909 0.6496 0.289, 0.3952 0.4134 0.2559, 0.3952 0.6496 0.2559, 0.3909 0.4134 0.2228, 0.3909 0.6496 0.2228, 0.3781 0.4134 0.1919, 0.3781 0.6496 0.1919, 0.3578 0.4134 0.1654, 0.3578 0.6496 0.1654, 0.3313 0.4134 0.1451, 0.3313 0.6496 0.1451, 0.3004 0.4134 0.1323, 0.3004 0.6496 0.1323, 0.2673 0.4134 0.128, 0.2673 0.6496 0.128, 0.2342 0.4134 0.1323, 0.2342 0.6496 0.1323, 0.2033 0.4134 0.1451, 0.2033 0.6496 0.1451, 0.1768 0.4134 0.1654, 0.1768 0.6496 0.1654, 0.1565 0.4134 0.1919, 0.1565 0.6496 0.1919, 0.1437 0.4134 0.2228, 0.1437 0.6496 0.2228, 0.1393 0.4134 0.2559, 0.1393 0.6496 0.2559, 0.1437 0.4134 0.289, 0.1437 0.6496 0.289, 0.1565 0.4134 0.3199, 0.1565 0.6496 0.3199, 0.1768 0.4134 0.3464, 0.1768 0.6496 0.3464, 0.2033 0.4134 0.3667, 0.2033 0.6496 0.3667, 0.2342 0.4134 0.3795, 0.2342 0.6496 0.3795, 0.2673 0.4134 0.2559, 0.2673 0.4134 0.7776, 0.2673 0.6496 0.7776, 0.3004 0.4134 0.7732, 0.3004 0.6496 0.7732, 0.3313 0.4134 0.7604, 0.3313 0.6496 0.7604, 0.3578 0.4134 0.7401, 0.3578 0.6496 0.7401, 0.3781 0.4134 0.7136, 0.3781 0.6496 0.7136, 0.3909 0.4134 0.6827, 0.3909 0.6496 0.6827, 0.3952 0.4134 0.6496, 0.3952 0.6496 0.6496, 0.3909 0.4134 0.6165, 0.3909 0.6496 0.6165, 0.3781 0.4134 0.5856, 0.3781 0.6496 0.5856, 0.3578 0.4134 0.5591, 0.3578 0.6496 0.5591, 0.3313 0.4134 0.5388, 0.3313 0.6496 0.5388, 0.3004 0.4134 0.526, 0.3004 0.6496 0.526, 0.2673 0.4134 0.5217, 0.2673 0.6496 0.5217, 0.2342 0.4134 0.526, 0.2342 0.6496 0.526, 0.2033 0.4134 0.5388, 0.2033 0.6496 0.5388, 0.1768 0.4134 0.5591, 0.1768 0.6496 0.5591, 0.1565 0.4134 0.5856, 0.1565 0.6496 0.5856, 0.1437 0.4134 0.6165, 0.1437 0.6496 0.6165, 0.1393 0.4134 0.6496, 0.1393 0.6496 0.6496, 0.1437 0.4134 0.6827, 0.1437 0.6496 0.6827, 0.1565 0.4134 0.7136, 0.1565 0.6496 0.7136, 0.1768 0.4134 0.7401, 0.1768 0.6496 0.7401, 0.2033 0.4134 0.7604, 0.2033 0.6496 0.7604, 0.2342 0.4134 0.7732, 0.2342 0.6496 0.7732, 0.2673 0.4134 0.6496, 0.2673 0.4134 1.1713, 0.2673 0.6496 1.1713, 0.3004 0.4134 1.1669, 0.3004 0.6496 1.1669, 0.3313 0.4134 1.1541, 0.3313 0.6496 1.1541, 0.3578 0.4134 1.1338, 0.3578 0.6496 1.1338, 0.3781 0.4134 1.1073, 0.3781 0.6496 1.1073, 0.3909 0.4134 1.0764, 0.3909 0.6496 1.0764, 0.3952 0.4134 1.0433, 0.3952 0.6496 1.0433, 0.3909 0.4134 1.0102, 0.3909 0.6496 1.0102, 0.3781 0.4134 0.9793, 0.3781 0.6496 0.9793, 0.3578 0.4134 0.9528, 0.3578 0.6496 0.9528, 0.3313 0.4134 0.9325, 0.3313 0.6496 0.9325, 0.3004 0.4134 0.9197, 0.3004 0.6496 0.9197, 0.2673 0.4134 0.9154, 0.2673 0.6496 0.9154, 0.2342 0.4134 0.9197, 0.2342 0.6496 0.9197, 0.2033 0.4134 0.9325, 0.2033 0.6496 0.9325, 0.1768 0.4134 0.9528, 0.1768 0.6496 0.9528, 0.1565 0.4134 0.9793, 0.1565 0.6496 0.9793, 0.1437 0.4134 1.0102, 0.1437 0.6496 1.0102, 0.1393 0.4134 1.0433, 0.1393 0.6496 1.0433, 0.1437 0.4134 1.0764, 0.1437 0.6496 1.0764, 0.1565 0.4134 1.1073, 0.1565 0.6496 1.1073, 0.1768 0.4134 1.1338, 0.1768 0.6496 1.1338, 0.2033 0.4134 1.1541, 0.2033 0.6496 1.1541, 0.2342 0.4134 1.1669, 0.2342 0.6496 1.1669, 0.2673 0.4134 1.0433
            ]
        }
        coordIndex [
            0,1,2,-1,2,1,3,-1,2,3,4,-1,4,3,5,-1,4,5,6,-1,6,5,7,-1,6,7,8,-1,8,7,9,-1,8,9,10,-1,10,9,11,-1,10,11,12,-1,12,11,13,-1,12,13,14,-1,14,13,15,-1,14,15,16,-1,16,15,17,-1,16,17,18,-1,18,17,19,-1,18,19,20,-1,20,19,21,-1,20,21,22,-1,22,21,23,-1,22,23,24,-1,24,23,25,-1,24,25,26,-1,26,25,27,-1,26,27,28,-1,28,27,29,-1,28,29,30,-1,30,29,31,-1,30,31,32,-1,32,31,33,-1,32,33,34,-1,34,33,35,-1,34,35,36,-1,36,35,37,-1,36,37,38,-1,38,37,39,-1,38,39,40,-1,40,39,41,-1,40,41,42,-1,42,41,43,-1,42,43,44,-1,44,43,45,-1,44,45,46,-1,46,45,47,-1,46,47,0,-1,0,47,1,-1,44,46,48,-1,48,46,0,-1,48,0,2,-1,38,40,48,-1,48,40,42,-1,48,42,44,-1,32,34,48,-1,48,34,36,-1,48,36,38,-1,26,28,48,-1,48,28,30,-1,48,30,32,-1,20,22,48,-1,48,22,24,-1,48,24,26,-1,14,16,48,-1,48,16,18,-1,48,18,20,-1,8,10,48,-1,48,10,12,-1,48,12,14,-1,2,4,48,-1,48,4,6,-1,48,6,8,-1,49,50,51,-1,51,50,52,-1,51,52,53,-1,53,52,54,-1,53,54,55,-1,55,54,56,-1,55,56,57,-1,57,56,58,-1,57,58,59,-1,59,58,60,-1,59,60,61,-1,61,60,62,-1,61,62,63,-1,63,62,64,-1,63,64,65,-1,65,64,66,-1,65,66,67,-1,67,66,68,-1,67,68,69,-1,69,68,70,-1,69,70,71,-1,71,70,72,-1,71,72,73,-1,73,72,74,-1,73,74,75,-1,75,74,76,-1,75,76,77,-1,77,76,78,-1,77,78,79,-1,79,78,80,-1,79,80,81,-1,81,80,82,-1,81,82,83,-1,83,82,84,-1,83,84,85,-1,85,84,86,-1,85,86,87,-1,87,86,88,-1,87,88,89,-1,89,88,90,-1,89,90,91,-1,91,90,92,-1,91,92,93,-1,93,92,94,-1,93,94,95,-1,95,94,96,-1,95,96,49,-1,49,96,50,-1,93,95,97,-1,97,95,49,-1,97,49,51,-1,87,89,97,-1,97,89,91,-1,97,91,93,-1,81,83,97,-1,97,83,85,-1,97,85,87,-1,75,77,97,-1,97,77,79,-1,97,79,81,-1,69,71,97,-1,97,71,73,-1,97,73,75,-1,63,65,97,-1,97,65,67,-1,97,67,69,-1,57,59,97,-1,97,59,61,-1,97,61,63,-1,51,53,97,-1,97,53,55,-1,97,55,57,-1,98,99,100,-1,100,99,101,-1,100,101,102,-1,102,101,103,-1,102,103,104,-1,104,103,105,-1,104,105,106,-1,106,105,107,-1,106,107,108,-1,108,107,109,-1,108,109,110,-1,110,109,111,-1,110,111,112,-1,112,111,113,-1,112,113,114,-1,114,113,115,-1,114,115,116,-1,116,115,117,-1,116,117,118,-1,118,117,119,-1,118,119,120,-1,120,119,121,-1,120,121,122,-1,122,121,123,-1,122,123,124,-1,124,123,125,-1,124,125,126,-1,126,125,127,-1,126,127,128,-1,128,127,129,-1,128,129,130,-1,130,129,131,-1,130,131,132,-1,132,131,133,-1,132,133,134,-1,134,133,135,-1,134,135,136,-1,136,135,137,-1,136,137,138,-1,138,137,139,-1,138,139,140,-1,140,139,141,-1,140,141,142,-1,142,141,143,-1,142,143,144,-1,144,143,145,-1,144,145,98,-1,98,145,99,-1,142,144,146,-1,146,144,98,-1,146,98,100,-1,136,138,146,-1,146,138,140,-1,146,140,142,-1,130,132,146,-1,146,132,134,-1,146,134,136,-1,124,126,146,-1,146,126,128,-1,146,128,130,-1,118,120,146,-1,146,120,122,-1,146,122,124,-1,112,114,146,-1,146,114,116,-1,146,116,118,-1,106,108,146,-1,146,108,110,-1,146,110,112,-1,100,102,146,-1,146,102,104,-1,146,104,106,-1,
        ]
    }
}
Shape{
    appearance Appearance {
        material  Material {
            diffuseColor 1.0 1.0 1.0
            specularColor 0.8784313725490196 0.8784313725490196 0.8784313725490196
            ambientIntensity 1.0
            transparency 0.0
            shininess 0.5
        }
    }
    geometry IndexedFaceSet {
        ccw TRUE
        solid FALSE
        coord DEF co Coordinate {
            point [
                -0.0664 0.3788 -0.0157, -0.1432 0.1819 -0.0157, -0.0664 0.3788 -0.0197, -0.1432 0.1819 -0.0197, -0.1144 0.1819 -0.0157, -0.1144 0.1819 -0.0197, -0.0945 0.2372 -0.0157, -0.0945 0.2372 -0.0197, -0.0132 0.2372 -0.0157, -0.0132 0.2372 -0.0197, 0.0056 0.1819 -0.0157, 0.0056 0.1819 -0.0197, 0.0344 0.1819 -0.0157, 0.0344 0.1819 -0.0197, -0.04 0.3788 -0.0157, -0.04 0.3788 -0.0197, -0.0198 0.2588 -0.0157, -0.0856 0.2588 -0.0157, -0.0492 0.341 -0.0157, -0.0511 0.3478 -0.0157, -0.0523 0.3548 -0.0157, -0.053 0.3548 -0.0157, -0.0543 0.3478 -0.0157, -0.056 0.341 -0.0157, -0.0198 0.2588 -0.0197, -0.0856 0.2588 -0.0197, -0.0492 0.341 -0.0197, -0.0511 0.3478 -0.0197, -0.0523 0.3548 -0.0197, -0.053 0.3548 -0.0197, -0.0543 0.3478 -0.0197, -0.056 0.341 -0.0197, 0.1537 0.1819 -0.0157, 0.2073 0.1819 -0.0157, 0.1537 0.1819 -0.0197, 0.2073 0.1819 -0.0197, 0.2073 0.3788 -0.0157, 0.2073 0.3788 -0.0197, 0.1517 0.3788 -0.0157, 0.1517 0.3788 -0.0197, 0.0488 0.2828 -0.0157, 0.0488 0.2828 -0.0197, 0.0503 0.3014 -0.0197, 0.0503 0.3014 -0.0157, 0.0556 0.3208 -0.0197, 0.0556 0.3208 -0.0157, 0.0647 0.3377 -0.0197, 0.0647 0.3377 -0.0157, 0.0786 0.3531 -0.0197, 0.0786 0.3531 -0.0157, 0.0788 0.3533 -0.0197, 0.0788 0.3533 -0.0157, 0.1003 0.3677 -0.0197, 0.1003 0.3677 -0.0157, 0.1233 0.3758 -0.0197, 0.1233 0.3758 -0.0157, 0.1294 0.1841 -0.0197, 0.1294 0.1841 -0.0157, 0.1067 0.1908 -0.0197, 0.1067 0.1908 -0.0157, 0.0862 0.2028 -0.0197, 0.0862 0.2028 -0.0157, 0.07 0.2183 -0.0197, 0.07 0.2183 -0.0157, 0.0587 0.2359 -0.0197, 0.0587 0.2359 -0.0157, 0.0516 0.2565 -0.0197, 0.0516 0.2565 -0.0157, 0.0883 0.3296 -0.0157, 0.0979 0.3397 -0.0157, 0.1123 0.349 -0.0157, 0.1285 0.3547 -0.0157, 0.1518 0.3572 -0.0157, 0.1809 0.3572 -0.0157, 0.1809 0.2035 -0.0157, 0.1529 0.2035 -0.0157, 0.1322 0.2055 -0.0157, 0.1156 0.2107 -0.0157, 0.1022 0.2186 -0.0157, 0.0911 0.2295 -0.0157, 0.0828 0.2431 -0.0157, 0.077 0.2616 -0.0157, 0.0752 0.2823 -0.0157, 0.0769 0.3019 -0.0157, 0.0815 0.3174 -0.0157, 0.1518 0.3572 -0.0197, 0.1809 0.3572 -0.0197, 0.1285 0.3547 -0.0197, 0.1123 0.349 -0.0197, 0.0979 0.3397 -0.0197, 0.0883 0.3296 -0.0197, 0.0815 0.3174 -0.0197, 0.0769 0.3019 -0.0197, 0.0752 0.2823 -0.0197, 0.077 0.2616 -0.0197, 0.0828 0.2431 -0.0197, 0.0911 0.2295 -0.0197, 0.1022 0.2186 -0.0197, 0.1156 0.2107 -0.0197, 0.1322 0.2055 -0.0197, 0.1529 0.2035 -0.0197, 0.1809 0.2035 -0.0197, 0.2457 0.2035 -0.0157, 0.2457 0.1819 -0.0157, 0.2457 0.2035 -0.0197, 0.2457 0.1819 -0.0197, 0.3513 0.1819 -0.0157, 0.3513 0.1819 -0.0197, 0.3513 0.3788 -0.0157, 0.3513 0.3788 -0.0197, 0.2505 0.3788 -0.0157, 0.2505 0.3788 -0.0197, 0.2505 0.3572 -0.0157, 0.2505 0.3572 -0.0197, 0.3249 0.3572 -0.0157, 0.3249 0.3572 -0.0197, 0.3249 0.2924 -0.0157, 0.3249 0.2924 -0.0197, 0.2553 0.2924 -0.0157, 0.2553 0.2924 -0.0197, 0.2553 0.2708 -0.0157, 0.2553 0.2708 -0.0197, 0.3249 0.2708 -0.0157, 0.3249 0.2708 -0.0197, 0.3249 0.2035 -0.0157, 0.3249 0.2035 -0.0197, 0.3897 0.2138 -0.0157, 0.3897 0.1921 -0.0157, 0.3897 0.2138 -0.0197, 0.3897 0.1921 -0.0197, 0.4107 0.1835 -0.0157, 0.4439 0.1795 -0.0157, 0.4439 0.1795 -0.0197, 0.4385 0.1796 -0.0197, 0.4385 0.1796 -0.0157, 0.4306 0.1807 -0.0197, 0.4107 0.1835 -0.0197, 0.5362 0.2767 -0.0157, 0.5362 0.2767 -0.0197, 0.5343 0.2539 -0.0197, 0.5343 0.2539 -0.0157, 0.5283 0.233 -0.0197, 0.5283 0.233 -0.0157, 0.5178 0.2143 -0.0197, 0.5178 0.2143 -0.0157, 0.5031 0.1987 -0.0197, 0.5031 0.1987 -0.0157, 0.4872 0.1886 -0.0197, 0.4872 0.1886 -0.0157, 0.4681 0.1821 -0.0197, 0.4681 0.1821 -0.0157, 0.4555 0.1807 -0.0197, 0.436 0.3812 -0.0157, 0.436 0.3812 -0.0197, 0.4558 0.3796 -0.0157, 0.4507 0.38 -0.0197, 0.4558 0.3796 -0.0197, 0.4778 0.3732 -0.0197, 0.4778 0.3732 -0.0157, 0.4965 0.3624 -0.0197, 0.4965 0.3624 -0.0157, 0.5142 0.3453 -0.0197, 0.5142 0.3453 -0.0157, 0.5258 0.3269 -0.0197, 0.5258 0.3269 -0.0157, 0.5333 0.3046 -0.0197, 0.5333 0.3046 -0.0157, 0.4187 0.38 -0.0197, 0.4125 0.3796 -0.0157, 0.4125 0.3796 -0.0197, 0.3897 0.3734 -0.0157, 0.3897 0.3734 -0.0197, 0.3897 0.347 -0.0157, 0.3897 0.347 -0.0197, 0.4358 0.3596 -0.0157, 0.4358 0.3596 -0.0197, 0.4119 0.3565 -0.0197, 0.4119 0.3565 -0.0157, 0.5098 0.2783 -0.0157, 0.5098 0.2783 -0.0197, 0.5088 0.2936 -0.0197, 0.5088 0.2936 -0.0157, 0.5036 0.3147 -0.0197, 0.5036 0.3147 -0.0157, 0.4955 0.3299 -0.0197, 0.4955 0.3299 -0.0157, 0.4836 0.343 -0.0197, 0.4836 0.343 -0.0157, 0.4699 0.3521 -0.0197, 0.4699 0.3521 -0.0157, 0.4552 0.3574 -0.0197, 0.4552 0.3574 -0.0157, 0.4402 0.2011 -0.0157, 0.4402 0.2011 -0.0197, 0.4586 0.2032 -0.0197, 0.4586 0.2032 -0.0157, 0.473 0.2085 -0.0197, 0.473 0.2085 -0.0157, 0.485 0.2166 -0.0197, 0.485 0.2166 -0.0157, 0.4943 0.2264 -0.0197, 0.4943 0.2264 -0.0157, 0.5024 0.24 -0.0197, 0.5024 0.24 -0.0157, 0.5078 0.257 -0.0197, 0.5078 0.257 -0.0157, 0.3932 0.2118 -0.0197, 0.3932 0.2118 -0.0157, 0.4141 0.204 -0.0197, 0.4141 0.204 -0.0157, 0.553 0.2035 -0.0157, 0.553 0.1819 -0.0157, 0.553 0.2035 -0.0197, 0.553 0.1819 -0.0197, 0.6538 0.1819 -0.0157, 0.6538 0.1819 -0.0197, 0.5578 0.1819 -0.0197, 0.6538 0.3788 -0.0157, 0.6538 0.3788 -0.0197, 0.6274 0.3788 -0.0157, 0.6274 0.3788 -0.0197, 0.6274 0.2035 -0.0157, 0.6274 0.2035 -0.0197, 0.5578 0.2035 -0.0197
            ]
        }
        coordIndex [
            0,1,2,-1,2,1,3,-1,1,4,3,-1,3,4,5,-1,4,6,5,-1,5,6,7,-1,6,8,7,-1,7,8,9,-1,8,10,9,-1,9,10,11,-1,10,12,11,-1,11,12,13,-1,12,14,13,-1,13,14,15,-1,14,0,15,-1,15,0,2,-1,16,8,17,-1,17,8,6,-1,18,14,16,-1,16,14,12,-1,16,12,8,-1,8,12,10,-1,18,19,14,-1,14,19,20,-1,14,20,0,-1,0,20,21,-1,0,21,22,-1,22,23,0,-1,0,23,17,-1,0,17,1,-1,1,17,6,-1,1,6,4,-1,16,17,24,-1,24,17,25,-1,18,16,26,-1,26,16,24,-1,18,26,27,-1,18,27,19,-1,19,27,28,-1,19,28,20,-1,21,20,29,-1,29,20,28,-1,21,29,30,-1,21,30,22,-1,22,30,31,-1,22,31,23,-1,17,23,25,-1,25,23,31,-1,32,33,34,-1,34,33,35,-1,33,36,35,-1,35,36,37,-1,36,38,37,-1,37,38,39,-1,40,41,42,-1,40,42,43,-1,43,42,44,-1,43,44,45,-1,45,44,46,-1,45,46,47,-1,47,46,48,-1,47,48,49,-1,49,48,50,-1,49,50,51,-1,51,50,52,-1,51,52,53,-1,53,52,54,-1,53,54,55,-1,55,54,39,-1,55,39,38,-1,32,34,56,-1,32,56,57,-1,57,56,58,-1,57,58,59,-1,59,58,60,-1,59,60,61,-1,61,60,62,-1,61,62,63,-1,63,62,64,-1,63,64,65,-1,65,64,66,-1,65,66,67,-1,67,66,41,-1,67,41,40,-1,45,47,68,-1,68,47,49,-1,68,49,69,-1,69,49,51,-1,69,51,70,-1,70,51,53,-1,70,53,71,-1,71,53,55,-1,71,55,72,-1,72,55,38,-1,72,38,73,-1,73,38,36,-1,73,36,74,-1,74,36,33,-1,74,33,75,-1,75,33,32,-1,75,32,76,-1,76,32,57,-1,76,57,77,-1,77,57,59,-1,77,59,78,-1,78,59,61,-1,78,61,79,-1,79,61,63,-1,79,63,80,-1,80,63,65,-1,80,65,81,-1,81,65,67,-1,81,67,82,-1,82,67,40,-1,82,40,83,-1,83,40,43,-1,83,43,84,-1,84,43,45,-1,84,45,68,-1,72,73,85,-1,85,73,86,-1,72,85,87,-1,72,87,71,-1,71,87,88,-1,71,88,70,-1,70,88,89,-1,70,89,69,-1,69,89,90,-1,69,90,68,-1,68,90,91,-1,68,91,84,-1,84,91,92,-1,84,92,83,-1,83,92,93,-1,83,93,82,-1,82,93,94,-1,82,94,81,-1,81,94,95,-1,81,95,80,-1,80,95,96,-1,80,96,79,-1,79,96,97,-1,79,97,78,-1,78,97,98,-1,78,98,77,-1,77,98,99,-1,77,99,76,-1,76,99,100,-1,76,100,75,-1,74,75,101,-1,101,75,100,-1,73,74,86,-1,86,74,101,-1,102,103,104,-1,104,103,105,-1,103,106,105,-1,105,106,107,-1,106,108,107,-1,107,108,109,-1,108,110,109,-1,109,110,111,-1,110,112,111,-1,111,112,113,-1,112,114,113,-1,113,114,115,-1,114,116,115,-1,115,116,117,-1,116,118,117,-1,117,118,119,-1,118,120,119,-1,119,120,121,-1,120,122,121,-1,121,122,123,-1,122,124,123,-1,123,124,125,-1,124,102,125,-1,125,102,104,-1,106,103,102,-1,102,124,106,-1,106,124,122,-1,106,122,108,-1,112,110,114,-1,114,110,108,-1,114,108,116,-1,116,108,122,-1,116,122,118,-1,118,122,120,-1,126,127,128,-1,128,127,129,-1,129,127,130,-1,131,132,133,-1,131,133,134,-1,134,133,135,-1,134,135,130,-1,130,135,136,-1,130,136,129,-1,137,138,139,-1,137,139,140,-1,140,139,141,-1,140,141,142,-1,142,141,143,-1,142,143,144,-1,144,143,145,-1,144,145,146,-1,146,145,147,-1,146,147,148,-1,148,147,149,-1,148,149,150,-1,150,149,131,-1,131,149,151,-1,131,151,132,-1,152,153,154,-1,154,153,155,-1,155,156,154,-1,154,156,157,-1,154,157,158,-1,158,157,159,-1,158,159,160,-1,160,159,161,-1,160,161,162,-1,162,161,163,-1,162,163,164,-1,164,163,165,-1,164,165,166,-1,166,165,138,-1,166,138,137,-1,153,152,167,-1,167,152,168,-1,167,168,169,-1,169,168,170,-1,169,170,171,-1,170,172,171,-1,171,172,173,-1,174,175,176,-1,174,176,177,-1,177,176,173,-1,177,173,172,-1,178,179,180,-1,178,180,181,-1,181,180,182,-1,181,182,183,-1,183,182,184,-1,183,184,185,-1,185,184,186,-1,185,186,187,-1,187,186,188,-1,187,188,189,-1,189,188,190,-1,189,190,191,-1,191,190,175,-1,191,175,174,-1,192,193,194,-1,192,194,195,-1,195,194,196,-1,195,196,197,-1,197,196,198,-1,197,198,199,-1,199,198,200,-1,199,200,201,-1,201,200,202,-1,201,202,203,-1,203,202,204,-1,203,204,205,-1,205,204,179,-1,205,179,178,-1,126,128,206,-1,126,206,207,-1,207,206,208,-1,207,208,209,-1,209,208,193,-1,209,193,192,-1,195,131,192,-1,192,131,134,-1,192,134,209,-1,209,134,130,-1,209,130,207,-1,207,130,127,-1,207,127,126,-1,172,170,177,-1,177,170,168,-1,177,168,174,-1,174,168,152,-1,174,152,191,-1,191,152,154,-1,191,154,189,-1,189,154,158,-1,189,158,187,-1,187,158,160,-1,187,160,185,-1,185,160,162,-1,185,162,183,-1,183,162,164,-1,183,164,181,-1,181,164,166,-1,181,166,178,-1,178,166,137,-1,178,137,205,-1,205,137,140,-1,205,140,203,-1,203,140,142,-1,203,142,201,-1,201,142,144,-1,201,144,199,-1,199,144,146,-1,199,146,197,-1,197,146,148,-1,197,148,195,-1,195,148,150,-1,195,150,131,-1,210,211,212,-1,212,211,213,-1,214,215,211,-1,211,215,216,-1,211,216,213,-1,214,217,215,-1,215,217,218,-1,217,219,218,-1,218,219,220,-1,219,221,220,-1,220,221,222,-1,222,221,223,-1,223,221,210,-1,223,210,212,-1,219,217,221,-1,221,217,214,-1,221,214,210,-1,210,214,211,-1,
        ]
    }
}
Shape{
    appearance Appearance {
        material  Material {
            diffuseColor 0.8431372549019608 0.8156862745098039 0.7529411764705882
            specularColor 0.25098039215686274 0.24313725490196078 0.22745098039215686
            ambientIntensity 0.8167
            transparency 0.0
            shininess 0.5
        }
    }
    geometry IndexedFaceSet {
        ccw TRUE
        solid FALSE
        coord DEF co Coordinate {
            point [
                -0.0198 0.2588 -0.0197, -0.0856 0.2588 -0.0197, -0.0492 0.341 -0.0197, -0.056 0.341 -0.0197, -0.0511 0.3478 -0.0197, -0.0543 0.3478 -0.0197, -0.0523 0.3548 -0.0197, -0.053 0.3548 -0.0197, 0.1809 0.3572 -0.0197, 0.1809 0.2035 -0.0197, 0.1518 0.3572 -0.0197, 0.1529 0.2035 -0.0197, 0.1322 0.2055 -0.0197, 0.0752 0.2823 -0.0197, 0.0769 0.3019 -0.0197, 0.0815 0.3174 -0.0197, 0.1285 0.3547 -0.0197, 0.1156 0.2107 -0.0197, 0.1022 0.2186 -0.0197, 0.0911 0.2295 -0.0197, 0.0828 0.2431 -0.0197, 0.077 0.2616 -0.0197, 0.0883 0.3296 -0.0197, 0.0979 0.3397 -0.0197, 0.1123 0.349 -0.0197
            ]
        }
        coordIndex [
            0,1,2,-1,2,1,3,-1,2,3,4,-1,4,3,5,-1,4,5,6,-1,6,5,7,-1,8,9,10,-1,10,9,11,-1,10,11,12,-1,13,14,10,-1,10,14,15,-1,10,15,16,-1,12,17,10,-1,10,17,18,-1,10,18,19,-1,19,20,10,-1,10,20,21,-1,10,21,13,-1,22,23,15,-1,15,23,24,-1,15,24,16,-1,
        ]
    }
}